Created,Polarity,Favorite_Count,Retweet_Count,ID, User_Name,Tweet
4/8/17 23:58,-0.15,0,0,8.5086E+17,michellewannama,b'I have a dark knight in my office \xf0\x9f\x98\x82 https://t.co/582jbNTpGY'
4/8/17 23:58,0.05,0,0,8.5086E+17,lostsenseii,b'Lowkey #hinakonote might be the dark knight in this season. Characters have so much life and energy about them + adore Kuina!'
4/8/17 23:57,-0.15,0,0,8.5086E+17,batmanfanshop,b'#batman The Joker - Dark Knight T-shirt (Unisex) https://t.co/KBUxNyVdB4 https://t.co/O1pMbM83Lp'
4/8/17 23:56,-0.025,0,0,8.5086E+17,Batman1v,b'#Batman #Superhero Batman: Legends of the Dark Knight Twister Strike Scarecrow Action #Figure https://t.co/l4pEgrlEQd #eBay #Auction'
4/8/17 23:52,-0.15,7,2,8.50859E+17,MrDatOtherGuy,b'The Dark Knight - Christopher Nolan (2008) https://t.co/gcaIZ2SijK'
4/8/17 23:44,-0.15,6,0,8.50857E+17,KyleRichins,b'The dark knight rises https://t.co/HtuVNsU49o'
4/8/17 23:42,-0.15,0,1,8.50856E+17,Lateef_Ash,b'Batman - Dark knight (for now Sha) https://t.co/jRijwTyyDm'
4/8/17 23:41,0.1375,3,1,8.50856E+17,sean_wilcoxson,"b'Movies that bring up big ethical questions (The Dark Knight), in an unpretentious way, is what I love for'"
4/8/17 23:40,0.325,0,0,8.50856E+17,QuaziSaiman,"b'@themichaelcaine You were great in Alfie, Sleuth, Educating Rita, Hannah and Her Sisters, The Cider House Rules, and The Dark Knight films.'"
4/8/17 23:40,0.4,0,0,8.50856E+17,ILik_Etho_Se,"b'97. Heath Ledger winning Best Supporting Actor for ""The Dark Knight"" ""https://t.co/cXJY6n98Ro"" (7:52)'"
4/8/17 23:40,0,0,0,8.50856E+17,luciddre4m,b'@Nick_Scarpino T-shirt design you might appreciate: https://t.co/sp9CaRhYq3'
4/8/17 23:39,-0.15,0,0,8.50856E+17,Batman1v,"b""#Batman #Superhero Batman The Dark Knight Movie Masters LOT OF 8 - Ra's Al Ghul, Blake, Alfred, etc https://t.co/ymLVUanf8M #eBay #Auction"""
4/8/17 23:39,-0.1875,0,0,8.50856E+17,LastBulletInk1,b'My version of the Dark Knight!\n#Batman #BatmanvSuperman #DC #Darkknight #superheros \n\nSupport @\xe2\x80\xa6 https://t.co/dPBK0MU4YV'
4/8/17 23:36,-0.15,0,0,8.50855E+17,HMD_Alenezi,b'The Dark Knight Rises\xf0\x9f\x8c\x97 https://t.co/a3rU5XedhS'
4/8/17 23:35,-0.025,0,0,8.50855E+17,LorettiaPeters,b'#Kid #Toys #Batman: Legends of the Dark #Knight Twister Strike Scarecrow Action #Figure https://t.co/VcU96cMaMB\xe2\x80\xa6 https://t.co/54jc3Df8Fl'
4/8/17 23:34,-0.075,2,0,8.50854E+17,Omar_Abdelhamid,b'Final scene of The Dark Knight Rises\xe2\x9d\xa4\xef\xb8\x8f'
4/8/17 23:33,0.0625,2,0,8.50854E+17,_banesssa_,"b""This sleep deprived college student is now the proud owner of the entire Dark Knight trilogy for just $6, if I wasn't so tired I'd be hyped"""
4/8/17 23:29,-0.15,1,0,8.50853E+17,BaaaaZ11,b'The Dark knight Rises https://t.co/ZxH3V2LAYi'
4/8/17 23:26,-0.15,1,0,8.50852E+17,shrouk215,b'the dark knight rises is on mbc2'
4/8/17 23:23,0.425,0,0,8.50852E+17,MarwanHesham7,"b'The Dark Knight Rises will forever be one of the best movies oat, what a movie'"
4/8/17 23:23,-0.15,0,0,8.50852E+17,TM_Koh,b'@muhdsyafiqnasir @iskandar_z23 Joseph Gordon Levitt. At the end of Christopher Nolan dark knight trilogy.'
4/8/17 23:20,0.05,8,1,8.50851E+17,LewisBell96,b'Every time I watch the dark knight I am blown away at how unbelievable Heath is. Greatest villain of all time no contest game over'
4/8/17 23:20,-0.025,1,0,8.50851E+17,Marshal_Knight,"b""Update #5: I'm alone, sitting in the dark, watching Erik give up immunity on Survivor: Micronesia (a season that aired 10 years ago)"""
4/8/17 23:19,-0.15,0,0,8.50851E+17,moshmazen,b'The dark knight rises \xf0\x9f\x98\x8d'
4/8/17 23:19,-0.15,0,0,8.5085E+17,lovvtl,b'The dark knight \xf0\x9f\x92\x99\xf0\x9f\x92\x99 https://t.co/lSdjr2LcIj'
4/8/17 23:18,-0.15,0,0,8.5085E+17,MichaellMaged,b'There a lot of movies that represents salvation like what God did with us \nThe dark knight rises is one of them.'
4/8/17 23:18,1,0,0,8.5085E+17,Dark_Knight_619,b'Want to get the best performance out of your brain?Use my referral link to get 20% off any subscription at TruBrain! https://t.co/5nsA1JWDGs'
4/8/17 23:18,-0.1375,0,0,8.5085E+17,CrimsonShadow80,"b'Yes he got other stuff, but this is 30th anniversary The Dark Knight\xe2\x80\xa6 https://t.co/lQy11mAh6z'"
4/8/17 23:15,-0.15,0,0,8.5085E+17,IdjhonRasy,"b'Batman: The Dark Knight Returns, Part 1  https://t.co/6QWsLwTSKW  @alexiscordle01 #denhelder #myFirstTweet'"
4/8/17 23:14,-0.098611111,2,0,8.50849E+17,GolazoDan,"b'@Neffectualism Oh yeah, I mean the classic one of that is Joker in The Dark Knight. The villain can steal the show.'"
4/8/17 23:13,-0.15,0,0,8.50849E+17,MohamedRebo,b'watching The Dark Knight Rises'
4/8/17 23:12,0,0,0,8.50849E+17,elmanakhlyv,"b""You can't fight fate \n#Harvey_Dent\n#the_Dark_knight"""
4/8/17 23:12,-0.137878788,1,0,8.50849E+17,mattypark,"b""Netflix's new rating system for me:\nDark Knight: You've watched this a dozen times and give it 5 stars - 62%\nPaul Blart 2: Fuck You - 90%"""
4/8/17 23:11,-0.036666667,2,0,8.50849E+17,CJS1971,b'@bugleing 16 + The Dark Knight is the difference... Proper shit seriously mate keep safe'
4/8/17 23:09,0.175,0,0,8.50848E+17,aeBATMANana,"b'Batman The Dark Knight Movie Masters LOT OF 8 - Joker with missile launcher, etc \xe2\x86\x92 $120.00 \xe2\x86\x92 #CheckProfileLink :) https://t.co/yfv1z8D0TR'"
4/8/17 23:05,-0.075,0,0,8.50847E+17,Batman1v,b'#Superhero #Batman DARK #Knight RETURNS: THE LAST CRUSADE CGC 9.6 FRANK MILLER #Joker VARIANT https://t.co/SE76JZIm97 #Bestseller'
4/8/17 23:04,-0.241666667,0,0,8.50847E+17,xChrono576,"b""There's a Dark Knight parody in Persona 5. It's about baking, but its still as hyper serious as you'd expect"""
4/8/17 23:01,-0.15,0,0,8.50846E+17,AnwerStan,b'Why we fall ? \xe2\x80\x94 watching The Dark Knight Rises'
4/8/17 23:01,-0.075,0,0,8.50846E+17,knxvvledge,"b""I'ma either watch Guardians next, or The Dark Knight."""
4/8/17 22:58,0.05,0,0,8.50845E+17,DanielS51048385,b'Funny review for the dark knight #movie https://t.co/jET8OvLQET'
4/8/17 22:56,-0.15,0,0,8.50845E+17,mufc_affanf9,b'@iCherylEjaz The dark knight rises at night (esp after 12 am) so yeah'
4/8/17 22:54,0.175,0,0,8.50844E+17,aeBATMANana,"b""Batman The Dark Knight Movie Masters LOT OF 8 - Ra's Al Ghul, Blake, Alfred, etc \xe2\x86\x92 $100.00 \xe2\x86\x92 #CheckProfileLink :) https://t.co/BRJV3u367m"""
4/8/17 22:49,-0.15,0,0,8.50843E+17,mangopeopleshop,b'Did you check out Dark Knight Rises... ? Have a look now and get amazed at https://t.co/AlSBfDGmVm'
4/8/17 22:49,-0.15,1,0,8.50843E+17,Pikatlcuhtli,"b'@Ratita_Bebe ""The Dark Knight"", ""The Dark Knight Rises"", ""Casino Royal""'"
4/8/17 22:48,-0.15,0,0,8.50843E+17,Batman1v,b'#Superhero 1986 #Batman THE DARK #Knight RETURNS 1 2 3 4 DC #Comics SET FRANK MILLER JLA #Joker https://t.co/KPdOudw1JU #Bestseller'
4/8/17 22:44,0.383333333,0,0,8.50842E+17,HELLFIRESWRATH,"b'#Dredd on @Channel4 now is easily one of the best comic book movies ever made, along with AKIRA &amp; The Dark Knight. https://t.co/E2aEZdE0k5'"
4/8/17 22:41,0.15,0,0,8.50841E+17,darktigerkat,b'I liked a @YouTube video https://t.co/lnbXlFIJgt The Dark Knight \xe2\x80\x94 Creating the Ultimate Antagonist'
4/8/17 22:39,-0.15,1,0,8.50841E+17,radiator_ebooks,"b""You're oppressing my dick to my pinned tweet and then there's Heath Ledger in The Dark Knight."""
4/8/17 22:35,-0.15,1,0,8.5084E+17,hammadrehmaan,"b'Those who call The Dark Knight ""Batman"" have no adab. Wouldn\'t you agree @kr156'"
4/8/17 22:34,0.366666667,1,2,8.50839E+17,TheBruceWilliam,b'That being said Spider-Man 2 along with The Dark Knight &amp; Logan are the best comic book movies to date. https://t.co/3D4xOMCWKo'
4/8/17 22:33,0.075396825,1,0,8.50839E+17,JJ_Barth_Vader,b'#ComicBookAMovie\n\nBlack Hawkeye Down\nDark Knight and Good Luck\nGood Will Huntress\nThe Thin Red Hood\nKitty Pryde and Prejudice\nCitizen Bane'
4/8/17 22:31,0.05,0,0,8.50838E+17,Batman1v,b'#Legend #Batman DARK #Knight III MASTER RACE #6 CONVENTION VARIANT NM https://t.co/dS2cQDrR9J #Hot #Sales https://t.co/Dc1FWyTGR0'
4/8/17 22:30,0.25,1,0,8.50838E+17,JuneTheFallen,b'@WorstHeroEver07 Just to be clear lol I like the Dark knight'
4/8/17 22:29,0.225,0,0,8.50838E+17,DJ31259,b'I liked a @YouTube video https://t.co/31GHCODRZT The Dark Knight Trailer (Suicide Squad Style)'
4/8/17 22:26,-0.025,0,0,8.50837E+17,NitroChrisUK,b'@BioFanOfficial @N7Follower Part of it sounded like it was directly lifted  from the Dark knight films  too'
4/8/17 22:24,0.175,0,0,8.50837E+17,ITheIndigoSwan,"b'My favorite scene in movie history is when The Joker bombs a hospital in ""The Dark Knight"".'"
4/8/17 22:23,-0.15,0,0,8.50837E+17,Moh_abdo_Egypt,b'\xf0\x9f\x92\xaa\xf0\x9f\x92\xaa\xf0\x9f\x91\x8c - \xd9\x8a\xd8\xb4\xd8\xa7\xd9\x87\xd8\xaf The Dark Knight Rises'
4/8/17 22:23,0.116666667,0,0,8.50836E+17,_lord_alucard,b'Lego Batman is my second favorite Batman movie. After The Dark Knight.'
4/8/17 22:20,0.19,1,0,8.50836E+17,makotoMMO,"b'Talking about getting my dark knight a costume is funny, costs me \xc2\xa327, can buy some real clothes with that, cheap but real!'"
4/8/17 22:18,0.425,0,0,8.50835E+17,abdo_sleem,b'The best series ever \xf0\x9f\x98\x8d#TheDarkKnight \xe2\x80\x94 watching The Dark Knight Rises'
4/8/17 22:18,0.225,0,0,8.50835E+17,mauricemimms41,"b'I liked a @YouTube video https://t.co/RCWogxxiAY Dark Souls III Design Works | Slave Knight Gael, Princess Filianore, and the ""Snake'"
4/8/17 22:16,-0.15,0,0,8.50835E+17,NeymarElalam,b'The Dark Knight Rises \n\nOn MBC 2'
4/8/17 22:15,0.275,0,0,8.50835E+17,GamingArtist_,b'I liked a @YouTube video https://t.co/19jtntWIna The Dark Knight Kills Christmas (Original)'
4/8/17 22:13,0.066666667,0,0,8.50834E+17,curvelegal,"b""Batman Dark Knight Rises Child's Deluxe Muscle Chest Batman Costume with Mask, Small by Rubie's https://t.co/vgys88ykYu"""
4/8/17 22:12,-0.15,8,1,8.50834E+17,yuuchannelnow,b'Dark Souls 3 NG+7 Slave Knight Gael SOLO NO DAMAGE https://t.co/UuDJDSy4Al @YouTube'
4/8/17 22:10,-0.15,1,0,8.50833E+17,mostafataha94,b'@RowidaHosny the dark knight rises \xd8\xb9\xd9\x84\xd9\x89 mbc2'
4/8/17 22:10,0.225,0,0,8.50833E+17,FluidEdits,"b""I liked a @YouTube video https://t.co/rksnu6bpQG The Dark Knight - Hey Ash Whatcha Playin'?"""
4/8/17 22:08,-0.1375,0,0,8.50833E+17,ironledger,"b'Tell me, have you even watched any other films of his besides the dark knight?? https://t.co/zFFxvCHNpz'"
4/8/17 22:07,-0.15,2,0,8.50832E+17,Zach_Tallman,b'Rachel in The Dark Knight is not what Rachel is supposed to look like. Bothers me everytime I watch it.'
4/8/17 22:06,-0.15,0,0,8.50832E+17,outreconn,b'the dark knight (2008) https://t.co/jyZbWVkkKS'
4/8/17 22:05,-0.15,0,0,8.50832E+17,prpnrgv3,b'Dark knight Batman and Catwoman xxx parody https://t.co/zgEWGuCC7z'
4/8/17 22:04,-0.15,27,3,8.50832E+17,TheHooovManeuv,b'The Dark Knight Rises (2012) https://t.co/H1qrcU0Hed'
4/8/17 22:00,0.245833333,0,0,8.50831E+17,yourdailydc,b'One of the scenes from the final episode of...\nBatman the Brave and the Bold \n~ Dark Knight https://t.co/qyjJLbY2iL'
4/8/17 21:58,-0.15,0,0,8.5083E+17,SaraEltaybany,b'The dark knight rises 3la mbc2\xe2\x99\xa5\xef\xb8\x8f'
4/8/17 21:56,-0.15,1,1,8.5083E+17,sego_uwk,b'@Emad_negm ah ..the dark knight'
4/8/17 21:55,-0.15,1,0,8.5083E+17,Firefly_fan,b'@janvyjidak did you read his review of Batman: Dark Knight? 11 / 10.'
4/8/17 21:55,0.297272727,0,0,8.50829E+17,Batman1v,"b'#Best #Toys UNOPENED Hot #Toy Two-Face Harvey Dent MMS81 1/6 #Batman Dark #Knight 12"" NEW https://t.co/RsX2hjAoVk #Hot #Sales'"
4/8/17 21:52,0.025,0,0,8.50829E+17,Yd30_,"b""Bulls's head coach looks too much like Harvey Dent in dark knight https://t.co/oOqBNto0yi"""
4/8/17 21:50,-0.15,0,1,8.50828E+17,Batman_Beware,b'The Dark Knight Trilogy *Dabs* https://t.co/Q1io2GSfgq'
4/8/17 21:50,-0.15,0,0,8.50828E+17,RealWolverine18,b'Hans Zimmer - The Dark Knight OST - A Dark Knight https://t.co/Fb3PsavOO7'
4/8/17 21:50,-0.15,0,0,8.50828E+17,MohamdRabie,b'Dark knight on mbc 2 ya gd3an \xf0\x9f\x98\x8d\xf0\x9f\x98\x8d'
4/8/17 21:50,-0.15,0,1,8.50828E+17,Chef_Floyd,b'The dark knight https://t.co/8NV1Js2JsK'
4/8/17 21:48,-0.003409091,9,3,8.50828E+17,athletelogos,b'**New Shirt Alert**\nThe Dark Knight of Queens looks to be back on track in 2017! Big year for #MattHarvey #LGM\xe2\x80\xa6 https://t.co/gnoDdiMzGY'
4/8/17 21:45,-0.15,0,0,8.50827E+17,IdjhonRasy,b'The Dark Knight  https://t.co/jTbvVpyJoQ  @julydelapenav #voetbal #myFirstTweet'
4/8/17 21:45,-0.025,0,1,8.50827E+17,Thurfleck,b'Dark Knight so far https://t.co/GwXb3Vh74N'
4/8/17 21:43,-0.15,0,0,8.50826E+17,j3sse_96,b'@Wormeaful The Dark Knight'
4/8/17 21:42,0.1125,0,0,8.50826E+17,krupy4445,b'@RyanfromJersey Second best Batman movie behind The Dark Knight. MAYBE even 1A tbh'
4/8/17 21:41,-0.15,0,0,8.50826E+17,HabibaaFarid,b'The dark knight rises 3ala mbc2'
4/8/17 21:41,-0.15,0,0,8.50826E+17,Mohamed_Nada97,b'Dark Knight Rises \xe2\x9d\xa4'
4/8/17 21:40,-0.066666667,0,0,8.50826E+17,Gamebeast23456,b'@Xzyliac I think reading The Dark Knight Returns successfully made me 100% hate Batman and maybe people who unquestioningly like him'
4/8/17 21:40,-0.15,0,0,8.50826E+17,Mohamed50611612,b'#mbc 2 \xe2\x80\x94 watching The Dark Knight Rises'
4/8/17 21:40,-0.15,0,0,8.50826E+17,57Cendron,b'\xf0\x9f\x8e\xa5 Batman - The Dark Knight \xe2\x9d\xa4\xef\xb8\x8f\xe2\x9d\xa4\xef\xb8\x8f\xe2\x9d\xa4\xef\xb8\x8f\xe2\x9d\xa4\xef\xb8\x8f\xe2\x9d\xa4\xef\xb8\x8f\xe2\x9d\xa4\xef\xb8\x8f'
4/8/17 21:39,-0.025,0,0,8.50826E+17,bunkhousejb9,b'@BATMANONFILM Gotta be the one sheet of Batman overlooking Gotham from inside a Wayne Tower for The Dark Knight...just epic...'
4/8/17 21:39,-0.15,1,0,8.50825E+17,MahmoudEissa__,b'The Dark Knight Rises 3ala MBC2 \xf0\x9f\x91\xbc'
4/8/17 21:38,0,0,0,8.50825E+17,Dark_Knight_17,b'IT by Stephen King: the 1986 novel and the 1990\xc2\xa0miniseries https://t.co/4fekcleurU https://t.co/7ew67E9RFP'
4/8/17 21:38,-0.15,0,0,8.50825E+17,FMAlhammadi,b'The Dark Knight Rises \xf0\x9f\xa6\x87 #NowWatching'
4/8/17 21:37,-0.15,0,1,8.50825E+17,WayneTheGOAT,b'Dark knight https://t.co/M8QpxApNq7'
4/8/17 21:36,-0.15,2,0,8.50825E+17,ammar_farsi,b'The dark knight \xf0\x9f\x94\xaa'
4/8/17 21:35,0.025,0,0,8.50825E+17,AnarchistNuub,b'Dark Souls 3 PvP Compilation - Ringed Knight Straight Sword (DLC WEAPON): https://t.co/sg4cRLXOYi via @YouTube'
4/8/17 21:33,-0.15,1,0,8.50824E+17,JackThomasArt,b'Rob Liefeld tried to write like Dark Knight Returns Frank Miller here... https://t.co/18cUEAzapf'
4/8/17 21:33,0.125,3,0,8.50824E+17,AndrewHamrick2,"b""All these fools talking shit/complaining about Mighty Morphin Power Rangers in the break room that it's not The Dark Knight or something \xf0\x9f\x98\x90\xf0\x9f\x98\xa0\xf0\x9f\x98\xa0"""
4/8/17 21:33,-0.15,1,0,8.50824E+17,HAbohegazia,"b'""THE DARK KNIGHT RISES"" \xf0\x9f\x92\x95\xf0\x9f\x92\x95\xf0\x9f\x92\x95'"
4/8/17 21:28,-0.278450521,6,0,8.50823E+17,makotoMMO,"b""Playing dark knight on Black Desert Online and Persona 5, I ain't got time for work!!! Me and @Kyoko_ffxiv need to play Persona 5 dammit!"""
4/8/17 21:26,0.425,0,0,8.50822E+17,nyakishima,"b""group member assessment: i didn't like ben because he thinks the dark knight rises is the best superhero movie ever"""
4/8/17 21:25,-0.1,1,0,8.50822E+17,g1bb0,"b'@Hero_Review The first cap movie is terrible but for me, winter soldier is better than any of the dark knight movies.'"
4/8/17 21:22,-0.15,1,0,8.50821E+17,davidmeacham_,"b'Two trilogies I could watch at any given time, Batman Dark Knight and Jason Bourne. Bourne takes centre stage tonight.'"
4/8/17 21:20,-0.15,0,0,8.50821E+17,d4nkest_memes,"b'The Joker (From the Dark Knight, 2008) https://t.co/j8sP6jSOT9'"
4/8/17 21:19,-0.15,0,0,8.5082E+17,iris_grrl,b'the dark knight returns is overrated \xf0\x9f\x94\xa5'
4/8/17 21:14,-0.15,1,0,8.50819E+17,MennaAlareny,b'It just did! The Dark Knight Rises\xf0\x9f\x98\xbb\xe2\x99\xa5\xef\xb8\x8f.'
4/8/17 21:14,-0.15,0,0,8.50819E+17,MrSamehEissa,b'watching Batman: The Dark Knight'
4/8/17 21:14,1,0,0,8.50819E+17,A256112,"b""@BrandonVietti So... how does it feel to know you've directed the best superhero movie of all time along side Nolan\xe2\x80\xa6 https://t.co/Ir01yEs9gY"""
4/8/17 21:13,-0.15,1,0,8.50819E+17,urfavmermaiid,b'the dark knight rises is on mbc2'
4/8/17 21:12,-0.15,0,0,8.50819E+17,ZameerMaan,"b""@RottenSundae @usama_x9 Reminds me of dark knight's dialogue."""
4/8/17 21:09,-0.15,0,0,8.50818E+17,Imjkns,b'DARK SOULS\xe2\x84\xa2  how to beat knight slave geal #darksouls #DarkSouls3 #PS4share   https://t.co/A3V05muOQx'
4/8/17 21:09,-0.15,0,0,8.50818E+17,Hxgo__,"b'I should start calling my erections, "" the dark Knight rises""'"
4/8/17 21:08,-0.15,0,0,8.50818E+17,Omarmohameid,b'The dark Knight rises \xf0\x9f\x91\x8c'
4/8/17 21:07,-0.15,0,0,8.50817E+17,Batman1v,b'#Superhero #Batman #Legends of the Dark #Knight #20 | VF+ | Bane Venom | DC #Comics https://t.co/4DdQCdAiBQ #Bestseller'
4/8/17 21:04,-0.15,0,0,8.50817E+17,ammar_checo,b'#MBC2 #Batman #Bane #ChristianBale #TomHardy \xf0\x9f\x98\x8d\xf0\x9f\x98\x8d \xe2\x80\x94 watching The Dark Knight Rises'
4/8/17 21:03,-0.15,0,0,8.50816E+17,_I_AM_IRON_MAN,b'The Dark Knight ( Me ) Rises'
4/8/17 21:03,-0.091666667,1,0,8.50816E+17,KickBackHonor,"b'@DelightfulBlood Before the other turned his back, the dark skinned knight waved his hand. ""The pleasure\'s all mine\xe2\x80\xa6 https://t.co/2gSBSd0JVs'"
4/8/17 21:02,-0.15,0,0,8.50816E+17,mo7amed7amd74,b'The dark knight is underway on MBC2'
4/8/17 21:00,-0.075,0,0,8.50816E+17,RandomReduX,"b""@Xzyliac Every Batman film has screwed that up; I think the only one that DIDN'T is The Dark Knight, all the others have a villain bite it"""
4/8/17 21:00,-0.15,100,10,8.50816E+17,ItsHooverr,b'The Dark Knight (2008) https://t.co/EAiQbbkx1N'
4/8/17 20:54,-0.065277778,7,0,8.50814E+17,bilycutfong,b'Some like their Green Knight a little more Gawain-y / Some like their Dark Knight a little less Bane-y / But\xe2\x80\xa6 https://t.co/BiAsIzLQt0'
4/8/17 20:54,-0.171212121,8,7,8.50814E+17,JDmulletman,b'I 10 minutes peeps ill be live for @BattleCattleUK with some Jedi Knight Dark Forces 2 #bcuk #SupportSmallStreamers\xe2\x80\xa6 https://t.co/OcBu2YiFro'
4/8/17 20:50,-0.075,1,0,8.50813E+17,SaronAls,"b""Because he can take it... \nBecause he's not our hero... \nHe's a silent guardian, a watchful protector... \nA dark knight ... \xe2\x99\xa5\xef\xb8\x8f"""
4/8/17 20:49,0.306666667,0,0,8.50813E+17,Batman1v,b'#Best #Toys DC Super Heroes #Batman Returns Dark #Knight Action #Figure Lot &amp; Collectors Case https://t.co/Er1rotoZ1z #Hot #Sales'
4/8/17 20:48,0.225,0,0,8.50813E+17,Deepizzaguy,b'Even Batman has an off Dark Knight catching Jokers. https://t.co/hb4WXvACQr'
4/8/17 20:48,0.225,0,0,8.50813E+17,yodamatrix,b'I liked a @YouTube video https://t.co/F4ax06Y8Rj The Dark Knight Theme'
4/8/17 20:47,-0.1,4,0,8.50812E+17,Alex_Tearman,"b""You listen to a song you like 100 times in a day and it's cool, but I watch The Dark Knight for the 100th time in a day an I'm the weird one"""
4/8/17 20:46,-0.075,0,0,8.50812E+17,Batman1v,b'#Kids #Toy DC #Comics Multiverse Lot of 2 The Dark #Knight Returns Armored &amp; Blue #Batman https://t.co/t7gUgn41kL #Toys #Kid'
4/8/17 20:46,-0.075,0,0,8.50812E+17,iTrendBuzz,b'#Buzz CHRISTIAN BALE SIGNED AUTOGRAPH THE DARK KNIGHT PROMO 11x14 #Photo PSA/DNA Y63432 https://t.co/ISlklJ2uch\xe2\x80\xa6 https://t.co/1HgTsAPR4P'
4/8/17 20:45,0.083333333,0,0,8.50812E+17,QuinnboBot,b'The dark knight franchise is really kind of shit to me.'
4/8/17 20:44,0.205555556,0,0,8.50812E+17,yodamatrix,b'I liked a @YouTube video https://t.co/sjb1j4bBJg The Dark Knight Rises - Main Theme'
4/8/17 20:43,-0.075,0,0,8.50811E+17,nouf_oq20,"b""He's a silent guardian, a watchful protector. A DARK KNIGHT \xf0\x9f\xa6\x87"""
4/8/17 20:43,-0.15,0,0,8.50811E+17,lperchannel,b'Dark Souls 3 NG+7 Slave Knight Gael SOLO NO\xc2\xa0DAMAGE https://t.co/PRdHXB8pgk https://t.co/vlxSNPIwna'
4/8/17 20:41,0.15,4,0,8.50811E+17,Pakimola,"b'The Dark Knight never fails to impress me. No matter how many times i see this masterpiece, i am utterly blown away.'"
4/8/17 20:41,-0.325,0,0,8.50811E+17,fatimaariyadh,b'I can watch batman the dark knight a thousand times and never get bored of it'
4/8/17 20:41,-0.15,0,0,8.50811E+17,FadyOW,b'The dark Knight for the 1001 time \xe2\x9d\xa4\xef\xb8\x8f\xe2\x9d\xa4\xef\xb8\x8f'
4/8/17 20:40,0.051785714,0,0,8.50811E+17,galliumoutlyin,"b'The Dark Knight Trilogy Special Edition [Blu-ray] Various, Various \xc2\xa0 | \xc2\xa0 Rated: \xc2\xa0PG-13 \xc2\xa0 | \xc2\xa0.. https://t.co/sHSXghzwzf'"
4/8/17 20:39,0.27,0,0,8.5081E+17,ZoMbie_PRML,b'I liked a @YouTube video https://t.co/IRukLFa56C Dark Souls 3 Ringed Knight Straight Sword - Most OP Straight Sword?'
4/8/17 20:38,0.24702381,0,1,8.5081E+17,JokeyZockey,b'The Dark Knight! Heath Ledger put on what I consider the best performance of a single actor in a movie. His Joker i\xe2\x80\xa6 https://t.co/ZP6gnHYDNq'
4/8/17 20:35,-0.09375,1,1,8.50809E+17,JokeyZockey,b'The Dark Knight trilogy! Simply a masterpiece! https://t.co/KKHWhxC5a6'
4/8/17 20:35,-0.375,0,0,8.50809E+17,C1RadioShow,b'#NP Dre Murray - Dark Knight Rises (Ess Be remix) @Dremurray22 | C1 Radio Keep It Crazy Keep It Locked https://t.co/XyEqo44or3 #C1Radio'
4/8/17 20:33,0.225,0,0,8.50809E+17,H_man78,"b'I liked a @YouTube video https://t.co/fwa63Yqvww Dark Souls III Design Works | Slave Knight Gael, Princess Filianore, and the ""Snake'"
4/8/17 20:31,-0.15,2,0,8.50808E+17,Drmohamedeslam,b'the dark knight :-*'
4/8/17 20:31,-0.15,2,1,8.50808E+17,Gothamyte,b'The Dark Knight Trilogy\xe2\x9d\xa4\xef\xb8\x8f https://t.co/xRO7ELqNMF'
4/8/17 20:30,-0.15,1,0,8.50808E+17,ItsAmiraZone,b'Every line said by Heath Ledger in The Dark Knight and Tom Hardy in The Dark Knight Rises is a quote. #TrueLegends'
4/8/17 20:29,0.083333333,2,0,8.50808E+17,Dusty_Lane_1983,b'@BATMANONFILM Both Batman Begins and The Dark Knight had epic powerful one sheets.  I feel like I am betraying by p\xe2\x80\xa6 https://t.co/6lZBS6m0oZ'
4/8/17 20:28,0.1,3,0,8.50808E+17,MaffewsMind,"b""There's people out here who really think The Dark Knight Rises was better than The Dark Knight smh"""
4/8/17 20:28,0.265340909,0,0,8.50808E+17,YousefAlfredo,"b""I've got a whole new concept: The Dark Knight Rises but good!"""
4/8/17 20:28,-0.175,1,0,8.50808E+17,ZackEHowe,b'The Dark Knight of the Living Dead #ComicBookAMovie'
4/8/17 20:28,-0.15,2,1,8.50807E+17,BITTERSUlTE,b'The Dark Knight Rises - 2012 https://t.co/1Pht7lcvvs'
4/8/17 20:26,-0.1375,0,0,8.50807E+17,sabrinajazzy25,b'@ATurnerNews Dark knight sorry i bad writing lol'
4/8/17 20:24,-0.15,1,1,8.50807E+17,JaeHongChonson,b'Dark Knight Rises - 2012 https://t.co/pDovIUI3l0'
4/8/17 20:23,-0.1875,0,0,8.50806E+17,HameruSandwich,"b""quite a spooky mask you've got there, Mr. Dark Knight!"""
4/8/17 20:22,-0.1921875,0,0,8.50806E+17,antho_logical,"b'""You see, madness, as you know, is like gravity. All it takes is a little push! ""\nJoker(The Dark Knight)'"
4/8/17 20:20,0.4,0,0,8.50806E+17,ItsAmiraZone,"b""No matter how many times i've seen the dark knight.. it always feels like the first time \xe2\x99\xa5 #BestMovieInTheHistory"""
4/8/17 20:20,-0.15,0,0,8.50806E+17,MrCoolStuff2,b'Check out BATMAN LEGENDS OF DARK KNIGHT  #63 (VF+) 1994 DC Comics  https://t.co/HwukrsmBWN via @eBay'
4/8/17 20:18,-0.075,0,0,8.50805E+17,foti928,"b""'Gotham' Stars Discuss Future of Bruce and Edward - Dark Knight News https://t.co/D7ZdrSQT0b"""
4/8/17 20:17,0.183333333,0,0,8.50805E+17,knickthoughts,"b'@ressiej_ yeah hear that, though i do like when a hero has human frailties, part of the reason why i thought like dark knight was so good'"
4/8/17 20:17,-0.15,0,0,8.50805E+17,Batman1v,b'#Superhero #Batman DARK #Knight III MASTER RACE #6 CONVENTION VARIANT NM https://t.co/nQ5qgUYrzS #Bestseller'
4/8/17 20:17,-0.15,0,1,8.50805E+17,UniteTheLeague,b'The Dark Knight https://t.co/ywZF6vPPCa'
4/8/17 20:16,0.175,1,0,8.50805E+17,AwsumYojimbo19,"b'I had a thought. Maybe Dark Knight rises would have been better received if they just changed it to ""Cake Knight Rises.""\n#Persona5'"
4/8/17 20:13,-0.025,0,0,8.50804E+17,Batman1v,b'#Kids #Toy Medicom DC #Batman Dark #Knight Rises Selina Kyle Catwoman Miracle Action #Figure https://t.co/RcCigIiYOQ #Toys #Kid'
4/8/17 20:12,0.183333333,1,0,8.50804E+17,bhandanya,b'Watchmen and dark knight is the Only good DC movies.'
4/8/17 20:10,-0.15,3,1,8.50803E+17,UniteTheLeague,b'The Dark Knight Trilogy https://t.co/EfRUGbWR38'
4/8/17 20:10,0.105555556,2,0,8.50803E+17,veIocitron,b'my main takeaway: dark knight is FUN'
4/8/17 20:09,-0.15,0,0,8.50803E+17,_Sam_Kerman,"b'""The Dark Knight"" (2008) @Idubbbz https://t.co/R0H1F2dp7W'"
4/8/17 20:09,0.391071429,4,0,8.50803E+17,Hero_Review,"b'As pure film, I think the Dark Knight series is better, but the development throughout Caps trilogy is legendary'"
4/8/17 20:09,-0.15,0,0,8.50803E+17,RippRobertson,b'The Dark Knight https://t.co/uqpuAcu2zB'
4/8/17 20:08,-0.15,0,0,8.50803E+17,shorouk_maged,b'The dark knight movie\xf0\x9f\x98\x8d\xe2\x9d\xa4'
4/8/17 20:07,-0.15,0,0,8.50802E+17,HoulaOmar,b'The dark knight \xf0\x9f\x92\x9c\xf0\x9f\x92\x9c\xf0\x9f\x92\x9c'
4/8/17 20:06,-0.15,1,1,8.50802E+17,waynebastardo,b'Batman Dark Knight https://t.co/hY8Q2VX61u'
4/8/17 20:06,-0.025,0,0,8.50802E+17,kmcnultymc,b'The Dark Knight is just completely watchable. What a triumph'
4/8/17 20:03,0.316666667,0,0,8.50801E+17,Kreeah,"b'IMDb. Most popular Females/Males. Bob Kane, Writer, The Dark Knight. Val Chmerkovskiy, Dancing with the Stars, Self. \xf0\x9f\x8e\xac'"
4/8/17 20:01,0.466666667,1,0,8.50801E+17,Dark_Revo,"b""@MathasGames hey just wanted to say love your hollow Knight let's play your doing a great job progressing keep it up!"""
4/8/17 20:01,-0.15,0,0,8.50801E+17,nouf_oq20,b'The dark knight \xf0\x9f\x98\x8d\xf0\x9f\x8e\xa5 mbc2'
4/8/17 20:00,-0.15,0,0,8.50801E+17,PaixaoDigital,b'#Repost @Robin_D_Cross with @repostapp\n\xe3\x83\xbb\xe3\x83\xbb\xe3\x83\xbb\nBatman vs Mutant Leader in The Dark Knight Returns\xe2\x80\xa6 https://t.co/xwvSGCXNqv'
4/8/17 20:00,-0.15,0,0,8.50801E+17,yourdailydc,b'Flash and the Bat...\n~ Dark Knight https://t.co/bX7UU7j65g'
4/8/17 19:59,-0.075,0,0,8.508E+17,Batman1v,"b'#Fictional #Hero The Dark Knight , Movie Masters 6"" #Batman Vs. Joker D.C. Multiverse , Mattel https://t.co/G6DeuolsZQ #Superhero #Deals'"
4/8/17 19:59,-0.15,0,0,8.508E+17,Batman1v,b'#Superhero #Batman #Legends of the Dark #Knight #18 | VF/NM | Venom pt. 3 | DC #Comics https://t.co/7dQ2BdKdu9 #Bestseller'
4/8/17 19:58,0.297272727,0,0,8.508E+17,Batman1v,b'#Best #Toys Hot #Toy Joker Heath Ledger Nolan #Batman Dark #Knight 1/4 Bust New hot#Toy https://t.co/8rRxeCbfm6 #Hot #Sales'
4/8/17 19:57,-0.15,0,0,8.508E+17,VidGameFreedom,b'#IGN  I Am Bane wraps as the Dark Knight confronts a seemingly unstoppable foe. https://t.co/YUh8OVVhoY'
4/8/17 19:56,-0.325,0,0,8.50799E+17,lcvedovello,b'Gostei de um v\xc3\xaddeo @YouTube de @wisecrack https://t.co/mZodeEyQKB The Dark Knight Rises: What Went Wrong? \xe2\x80\x93\xc2\xa0Wisecrack Edition'
4/8/17 19:55,0.325,0,0,8.50799E+17,ReDfEsTeR,b'Just watched The Dark Knight again for the first time in years - forgot how good it is!'
4/8/17 19:53,0.275,3,0,8.50799E+17,KaiWalding,b'Forgot how good The Dark Knight is #Batman'
4/8/17 19:53,0.416666667,1,0,8.50799E+17,confusiongrows,"b""@PunkyStarshine He watched The Dark Knight and decided if it was good for Batman it's good for him"""
4/8/17 19:51,0.25,8,1,8.50798E+17,LouBrutus,b'THE DARK KNIGHT: Thanks to @MattHarvey33 of my beloved @Mets for signing my @Topps Heritage cards at the\xe2\x80\xa6 https://t.co/sPaeYzQ12n'
4/8/17 19:46,-0.075,3,0,8.50797E+17,JoeyTCartoonP,"b""While I finish putting final touches on my Dark Knight Returns review, I can't help but return to... sigh... Batman V. Superman."""
4/8/17 19:44,-0.15,0,0,8.50797E+17,Elmsh_Mohandes,b'Joker &lt;3 \xe2\x80\x94 watching Batman: The Dark Knight'
4/8/17 19:44,-0.15,0,0,8.50796E+17,J1R_Productions,"b'@LunalaDoll Oh yes, no doubt you got this. Dark Knight agrees. https://t.co/yDpU0Fa5Yp'"
4/8/17 19:43,-0.15,0,0,8.50796E+17,Oscii_DalYa,b'@M7mdRagab99 The dark Knight \xf0\x9f\x98\x82el72 f a5ro'
4/8/17 19:43,0.05,0,0,8.50796E+17,Batman1v,b'#Legend #Batman Legends of the Dark #Knight #17 | VF- | Venom pt 2 | DC #Comics https://t.co/EpFsLH1stA #Hot #Sales https://t.co/Pg4NekC1kQ'
4/8/17 19:43,-0.006818182,0,0,8.50796E+17,Batman1v,b'#Superhero #Batman Dark #Knight #1- #6 : DC #Comics ( the New 52 ) VF - NM https://t.co/Pe4JfmqIPG #Bestseller'
4/8/17 19:43,0.033333333,1,0,8.50796E+17,KhiderJr,b'@kdiisa I was legit thinking the exact same thing rn when I passed the dark knight on mbc'
4/8/17 19:43,-0.15,1,0,8.50796E+17,manarfekry1,b'The dark Knight \xe2\x9d\xa4\xe2\x9c\x8b'
4/8/17 19:42,0.2625,0,0,8.50796E+17,MikeyGilz,"b""I'll put The Dark Knight up there with it. Different, but also good. Forever was 100% better than Begins and Rises. https://t.co/tTNyWmzc5u"""
4/8/17 19:41,-0.234375,0,0,8.50796E+17,Ahmadxo_,b'THE DARK KNIGHT RISES ARAB!!'
4/8/17 19:40,-0.15,0,0,8.50795E+17,Noha_eBarakat,b'watching Batman: The Dark Knight'
4/8/17 19:39,-0.15,0,0,8.50795E+17,foti928,b'Jared Leto Nominated for 2017 MTV Movie Award - Dark Knight News https://t.co/wfK8PeW8EM'
4/8/17 19:39,-0.15,2,0,8.50795E+17,elso_zee,"b'Dark Souls 3 - Epilogue &amp; Slave Knight Gael Remix ""Journey\'s End"" https://t.co/JSIrOblWGX via @YouTube'"
4/8/17 19:39,-0.15,0,0,8.50795E+17,giff_me_mana,b'#dota #dota 2 #gg #noobs\nX7 Dark Knight Gaming Mouse https://t.co/gv7BzNmEbm https://t.co/pDZoTu1F3V'
4/8/17 19:38,-0.15,0,0,8.50795E+17,LorettiaPeters,"b'#Kid #Toys DC #Batman Begins The Dark #Knight Movie Masters The Joker Heath Ledger - 6"" https://t.co/BkkY3YRoXX\xe2\x80\xa6 https://t.co/bMmkxC7VuO'"
4/8/17 19:38,0.183333333,1,0,8.50795E+17,norawafflequeen,"b'How do I spend my birthdays? Watching Spirited Away, The Dark Knight, and playing Mario Party w) @doctorofhugs. Very productive.'"
4/8/17 19:35,-0.15,0,0,8.50794E+17,gellycola21944,b'the dark knight\xf0\x9f\x8c\x9a\xe2\x9d\xa4\xf0\x9f\x8c\xbc'
4/8/17 19:33,-0.15,0,0,8.50794E+17,SharyynJimmy,b'Batman 75th Anniversary The Dark Knight Returns Phone Case for iPhone a https://t.co/pWFGXTlwPH #phonecasesbatman'
4/8/17 19:33,-0.15,0,0,8.50794E+17,winnviewdotcom,b'Batman 75th Anniversary The Dark Knight Returns Phone Case for iPhone a https://t.co/D8jIOQAtCy #phonecasesbatman'
4/8/17 19:33,-0.15,0,0,8.50794E+17,TheGeekForge,"b'Batman Sleep Mask, Dark Knight Batman-inspired by TheGeekForge https://t.co/tfSLgtQlSJ https://t.co/u6XSoeKCSR'"
4/8/17 19:30,0.1725,0,0,8.50793E+17,sonny_babyfox,"b""Because sometimes the truth isn't good enough, people deserve a little more. ~ The Dark Knight ~"""
4/8/17 19:29,-0.15,0,0,8.50793E+17,baeizz,b'The dark knight'
4/8/17 19:27,-0.066666667,0,0,8.50792E+17,ItzMrNarsio_,"b'Dark Knight feeling. Die to be a Hero, but lived long enough to see yourself become a Villain'"
4/8/17 19:25,-0.15,0,0,8.50792E+17,Chris_Gaun,b'I like to think that the 1989 Batman movie soundtrack by Prince was the music the Dark Knight practiced karate to'
4/8/17 19:25,-0.15,0,0,8.50792E+17,ModernOwners,b'https://t.co/atHnjVSMok Adidas Jeremy Scott JS Wings 3.0 Dark Knight Batman Size 10.5'
4/8/17 19:24,-0.15,1,0,8.50791E+17,munaaltaleb,b'The dark knight \xf0\x9f\x91\x8f\xf0\x9f\x91\x8f'
4/8/17 19:22,-0.15,1,0,8.50791E+17,monkeys_robots,b'#Podcast Rewind - Episode 94: \xe2\x80\x98Deepwater Horizon\xe2\x80\x99 The \xe2\x80\x98Dark Knight\xe2\x80\x99 of Disaster Films (September 2016) \n\nhttps://t.co/Amc42SOvT4'
4/8/17 19:20,-0.15,0,0,8.50791E+17,veIocitron,b'dark knight lv 30 instance.... done'
4/8/17 19:20,-0.15,0,0,8.5079E+17,Remon_Ad,b'The dark knight on Mbc 2'
4/8/17 19:17,0.225,3,0,8.5079E+17,Martsysan,b'The dark knight is still amazing to this day.\xf0\x9f\x91\x8c\xf0\x9f\x8f\xbb'
4/8/17 19:16,-0.15,0,0,8.50789E+17,QueenBDeb,b'#nw The Dark Knight Rises\n\nBain sounds like Ian McKellen ate Patrick Stewart.'
4/8/17 19:14,0.425,4,1,8.50789E+17,CptTee,"b'Watching the greatest superhero film of all-time, The Dark Knight.'"
4/8/17 19:13,-0.15,0,0,8.50789E+17,ph_elmasry,"b'.@mbc2 Part 2 of ""The dark knight "" Trilogy directed by Christopher Nolan'"
4/8/17 19:12,0.283333333,0,0,8.50788E+17,ph_elmasry,"b'The best superhero movie ever made ""The dark Knight"" is now on @mbc2 ..Heath ledger , Christian bale and Morgan freeman'"
4/8/17 19:10,0.175,0,0,8.50788E+17,OMGItsFunky,b'@voidsoulx7 jk the dark knight is in my top 10 fav movies \xf0\x9f\x8c\x9a\xf0\x9f\x94\xa5'
4/8/17 19:10,0.083333333,0,0,8.50788E+17,LessThan_A_Hero,b'@ThatKevinSmith shed me some light man as a man that has met both is this truth or as fictional as the dark knight\xe2\x80\xa6 https://t.co/MYFgHvs490'
4/8/17 19:07,-0.15,0,0,8.50787E+17,brooklyn_steve,b'@Tj_Reilly the dark knight?'
4/8/17 19:04,-0.15,1,0,8.50786E+17,veIocitron,b'i found out why i sucked at dark knight... i had  distribute 13 attribute points'
4/8/17 19:01,-0.15,0,0,8.50786E+17,garbo_warbo,b'@hazedCS Dark knight'
4/8/17 19:00,-0.15,0,0,8.50785E+17,Aechx,b'Blanket and watching dark knight https://t.co/DGSsVqUU8i'
4/8/17 18:56,-0.1,27,15,8.50785E+17,Starseed_Fefe,b'#ComicBookAMovie A Long Kiss Dark knight https://t.co/2jC6nLmqr4'
4/8/17 18:56,0.269047619,1,0,8.50784E+17,EthanmckinleyUK,b'I liked a @YouTube video from @ollieh82 https://t.co/Nca6IoKUyh (Podcast Special) Dark Knight Rises Commentary'
4/8/17 18:51,-0.061111111,0,0,8.50783E+17,Poison_Star,"b'The first 2 Spider-Man films, Crazy Stupid Love, Easy A. The Dark Knight. https://t.co/UH43oHN7mZ'"
4/8/17 18:46,-0.15,0,0,8.50782E+17,LEODIHAN,b'The dark knight https://t.co/G4dGTKzcRd'
4/8/17 18:46,-0.075,1,1,8.50782E+17,sonamukh,"b'Point.\nRise of the future Dark Knight of India? hmmm...\nAdversity kills the boy,&amp; lets the man in you be born.\nRish\xe2\x80\xa6 https://t.co/lbOoi3yUbY'"
4/8/17 18:40,0.258333333,0,0,8.5078E+17,Dark_Knight_84,"b'#GoingInStyle =While the delivery is safe, predictable, fairly generic, somehow I still had a pleasant time during\xe2\x80\xa6 https://t.co/3PfJZt9GSD'"
4/8/17 18:40,-0.15,1,0,8.5078E+17,Nescafe6618,b'watching Batman: The Dark Knight'
4/8/17 18:40,0.425,0,0,8.5078E+17,_crisidk,b'El pedazo de cierre de trilog\xc3\xada por favor \xe2\x99\xa5 || Dark Souls III Soundtrack OST - Slave Knight Gael (The Ringed City) - https://t.co/OU2MxQheZE'
4/8/17 18:40,-0.1875,0,0,8.5078E+17,BatmanAgofchaos,"b""@AndyDiGenova Would you like to see The Dark Knight movie events from The Joker's perspective? Check my webcomic!\nhttps://t.co/XKfZ6EKmcY"""
4/8/17 18:40,-0.15,0,0,8.5078E+17,kronos9999,b'The Dark Knight Batman Vinyl Wall Decals Wall Stickers Decorative Wall Sticke ... https://t.co/NlmYzkWmrk https://t.co/oCekQXBnqd'
4/8/17 18:39,-0.15,0,0,8.5078E+17,Dr_tarooo2,b'The dark Knight \xf0\x9f\x98\x8d\xf0\x9f\x98\x8d\xf0\x9f\x98\x8d\xf0\x9f\x98\x8d\xf0\x9f\x98\x8d'
4/8/17 18:36,-0.15,0,0,8.50779E+17,Nunu24K_,b'I Am Heath Ledger Official Trailer | Joker From The Dark Knight Document... https://t.co/b4J4Su959i'
4/8/17 18:34,-0.15,0,0,8.50779E+17,3abdallahSala7,b'\xf0\x9f\x92\x9c\xf0\x9f\x92\x9c \xe2\x80\x94 watching Batman: The Dark Knight'
4/8/17 18:34,-0.400520833,0,0,8.50779E+17,3mjo,"b'#NW \nThe Dark Knight.. \n""why you are serious son!!!""\n#The_Joker \xf0\x9f\x83\x8f'"
4/8/17 18:33,-0.15,1,0,8.50779E+17,MikeKupka,b'The Dark Knight @ Hofstra University https://t.co/q0w3RyRFN2'
4/8/17 18:32,0.175,1,0,8.50778E+17,jackgorman,"b'I love me some Dark Knight, but come on... https://t.co/NCk3vOpXdl'"
4/8/17 18:31,-0.15,0,0,8.50778E+17,foxesrunning,b'The Dark Knight on TV\n\nHeath Ledger\xe2\x80\xa6 \xf0\x9f\x98\x8d\xe2\x9d\xa4'
4/8/17 18:30,0,1,0,8.50778E+17,d_m_elms,b'@RealRyanWhorton @confusiongrows ThhhhhIIIIIISSSS -- https://t.co/xS9Cu9bEIX'
4/8/17 18:29,0.283333333,0,0,8.50778E+17,MutinyPhil,b'@DigitalSneeze Watch the Dark Knight Rises scene of him and catwoman on the rooftop. Men just falling over of their own free will'
4/8/17 18:27,-0.075,0,0,8.50777E+17,larasatinuraini,"b'""Sometimes a queen has to make a choice: a castle with a white knight or a quest with a dark prince."" -GG'"
4/8/17 18:26,-0.0671875,0,0,8.50777E+17,Ahga_be,b'Batman the Dark Knight on mbc2!!\nI swear this movie never gets old \xf0\x9f\x91\x8c\xf0\x9f\x8f\xbc\xe2\x9c\xa8'
4/8/17 18:26,-0.15,1,0,8.50777E+17,blogho,"b""The Dark Knight's Bread Rises  #EatAFilm"""
4/8/17 18:26,-0.006818182,0,0,8.50777E+17,GreatBossMoves,b'https://t.co/0Fn22RSNfR #shoes Kobe VI 6 Nike Zoom Dark Knight Size 13 NEW in BOX 429659-016'
4/8/17 18:26,0,1,0,8.50777E+17,d_m_elms,b'@confusiongrows @RealRyanWhorton Frank Miller is an equal toxic asshole https://t.co/xS9Cu9bEIX'
4/8/17 18:26,-0.015909091,0,0,8.50777E+17,ScottySoSmoove,"b'Dark Knight feeling , die and be a hero or live long enough to see yourself become the villain.'"
4/8/17 18:25,-0.15,1,0,8.50777E+17,runnard,"b""If The Dark Knight comes 673rd time on TV I'll watch it .... In respect of Heath Ledger."""
4/8/17 18:23,0.275,0,0,8.50776E+17,ladyalabama62,"b'Wow, I love @Listia! I just won this for free, dvd   the dark knight rises  free shipping https://t.co/3RiC84k8NY'"
4/8/17 18:22,-0.15,0,0,8.50776E+17,Lulu_Gaming16,b'Running Away... | The Dark Knight Ep 7 | Minecraft Roleplay: https://t.co/LCmh3NHwpm via @YouTube'
4/8/17 18:21,0.43125,2,0,8.50776E+17,Binker51586,"b""@PNemiroff Hey love! So you haven't read Dark Knight Returns; how about watching the animated film, which is a perfect adaptation? ;) &lt;3"""
4/8/17 18:20,-0.275,0,1,8.50775E+17,BrandyBuizel,b'This game has a Dark Knight parody about baking in it xD'
4/8/17 18:19,-0.15,1,0,8.50775E+17,starkromanova,"b""@CPlNES I'm watching the dark Knight \xf0\x9f\x98\x8b"""
4/8/17 18:19,0.05,0,0,8.50775E+17,TrillestGirll,"b'and it toke me exactly 2 minutes into the movie to know it was The Dark Knight playing, just by hearing the intro m\xe2\x80\xa6 https://t.co/Duaig0q0hK'"
4/8/17 18:18,-0.175,0,0,8.50775E+17,BrownThugs,b'@_upthechooks Never rated his joker till I saw how shit the dark knight rises was'
4/8/17 18:17,0.038541667,0,0,8.50775E+17,lexdrive11,b'I can be a dark knight?!?!  I look so sexy as a dark knight #FireEmblemFates'
4/8/17 18:17,0.325,0,0,8.50775E+17,JustMatrooll,"b""@kagbewoavi Draw a potato dark Knight fighting a peasant stick on a plane that's getting attacked by candy monsters \nPS: Make the potato win"""
4/8/17 18:17,-0.075,0,0,8.50774E+17,Kurnster,"b'@richardcobbett For me currently, its Inception, Interstellar, The Dark Knight, BSG, Deus Ex: HR, Frozen Synapse, a\xe2\x80\xa6 https://t.co/4qRwx6d4TQ'"
4/8/17 18:15,0.7,0,0,8.50774E+17,LordMorpheous,"b""@amberchase @MOXXX I'll give you that one! I'm still on the fence about Bale. I loved him in 3:10 to Yuma but I'm n\xe2\x80\xa6 https://t.co/fW9yiRWVwx"""
4/8/17 18:15,-0.15,0,0,8.50774E+17,BrainstormPsych,b'The psychology of Batman The Dark knight https://t.co/AVvQIh53sa #psychology #batman'
4/8/17 18:15,-0.15,1,0,8.50774E+17,8ecbd7820be542f,b'The Dark knight \xe2\x9d\xa4\xf0\x9f\x94\x9d'
4/8/17 18:14,-0.15,0,0,8.50774E+17,ZiyadAiman,b'The dark knight \xd8\xb9\xd9\x84\xd9\x89 mbc 2'
4/8/17 18:14,-0.15,0,0,8.50774E+17,armyhop,b'Watching the dark knight for the thousands time..\xf0\x9f\x98\x82'
4/8/17 18:11,-0.025,3,0,8.50773E+17,NerdMelt,b'Comedians Cinema Club takes on The Dark Knight. Epic. https://t.co/3d9UfyC7YU https://t.co/L8Y8kTOv3G'
4/8/17 18:08,-0.15,0,0,8.50772E+17,sallyelsayed555,b'The Dark Knight ..'
4/8/17 18:08,-0.075,1,0,8.50772E+17,Okhtaaaah,"b'""I believe whatever doesn\'t kill you simply makes you...stranger"" \n- The Dark Knight'"
4/8/17 18:07,-0.15,0,0,8.50772E+17,M7amade3timad,b'The dark knight \xf0\x9f\x98\x8d\xf0\x9f\x98\x8d\xf0\x9f\x98\x8d\xf0\x9f\x98\x8d'
4/8/17 18:07,0.5,1,0,8.50772E+17,GD_Dark_Knight,b'Enjoying the day with my daughter at the @BirminghamZoo #MyDaughterIsObsessedWithRedPandas'
4/8/17 18:06,-0.166666667,1,0,8.50772E+17,iamdonsword,b'250 Dark Crystal Shards will take me approximately 5.5 hours with Ceremonial Void Knight Sword.'
4/8/17 18:05,-0.15,0,0,8.50772E+17,elghamry01,b'@EXO_Alaa74  The dark knight'
4/8/17 18:05,0.067857143,3,0,8.50772E+17,J_Rocka,"b""@TheBatman1110 @BATMANONFILM @shewrick @smb_ryan @FinalE33 @TomMcLellan24 @zakiscorner That's my fave Dark Knight poster? The bottom right."""
4/8/17 18:04,-0.15,1,2,8.50771E+17,MennaAlareny,b'The Dark Knight\xe2\x99\xa5\xef\xb8\x8f\xe2\x99\xa5\xef\xb8\x8f.  Could the night get any better\xf0\x9f\x98\xbb'
4/8/17 18:04,-0.15,0,0,8.50771E+17,Seoudi112,b'watching The Dark Knight Rises'
4/8/17 18:03,-0.15,0,0,8.50771E+17,thewalaasaleh,b'the dark knight \xf0\x9f\x91\xaf \nmbc2 \xf0\x9f\x98\x8d'
4/8/17 18:03,-0.15,0,0,8.50771E+17,clablaa,b'watching The Dark Knight Rises'
4/8/17 18:02,0.14375,1,0,8.50771E+17,karthicbp,"b""@SrujanaDeva true that! The Dark Knight's hero is Joker."""
4/8/17 18:02,-0.15,0,0,8.50771E+17,MahmoudKaMell_,b'The dark knight \xd8\xb9\xd9\x84\xd9\x8a. Mbc2\xf0\x9f\x92\x83'
4/8/17 18:02,-0.15,0,1,8.50771E+17,voidsoulx7,b'The dark knight \xf0\x9f\x8e\xa5.'
4/8/17 18:02,-0.15,0,0,8.50771E+17,adoiqbal,b'The Dark Knight'
4/8/17 18:02,-0.15,0,0,8.50771E+17,naeuvm,b'The Dark Knight\xf0\x9f\x8e\xa5.'
4/8/17 18:02,-0.15,0,0,8.50771E+17,ammar_checo,b'#MBC2 #Joker #Batman #HeathLedger #ChristianBale \xf0\x9f\x98\x8d \xe2\x80\x94 watching Batman: The Dark Knight'
4/8/17 18:01,-0.15,0,0,8.50771E+17,bashaarmh,b'The dark knight \xf0\x9f\x98\x8d\xf0\x9f\x98\x8d\xf0\x9f\x98\x8d\xf0\x9f\x98\x8d\xf0\x9f\x98\x8d'
4/8/17 18:01,-0.15,0,0,8.50771E+17,shanth_twits,b'@Thiyagu_Nagaraj Just finished Begins... nw about to start The dark knight.. B2B \xf0\x9f\x98\x88\xf0\x9f\xa4\x98'
4/8/17 18:01,0,1,0,8.50771E+17,stickermarket,"b'""I\'m not saying I\'m #Batman\xe2\x80\xa6I\'m just saying you\'ve never seen us in the same room."" https://t.co/VWrNWIvP8m https://t.co/drbnba7c3L'"
4/8/17 18:00,-0.15,0,0,8.5077E+17,yourdailydc,b'Which ring would you choose...\n~ Dark Knight https://t.co/J9jUWcBqMR'
4/8/17 18:00,-0.15,0,0,8.5077E+17,parinya_21,b'THE DARK KNIGHT -  Symphonic Concert - Vienna https://t.co/vVVdH41JM4 via @YouTube'
4/8/17 17:58,-0.006818182,0,0,8.5077E+17,parinya_21,b'Batman The Dark Knight -  LIVE Performance https://t.co/JYdgAKEUNv via @YouTube'
4/8/17 17:57,-0.15,1,0,8.5077E+17,SirMelvynSlagg,b'A Dark Knight-mare on Elm Street #ComicBookAMovie'
4/8/17 17:57,-0.15,12,9,8.50769E+17,ComCineClub,"b'LA. Tonight at 9pm at @NerdMelt, we are doing BATMAN The Dark Knight \xf0\x9f\xa6\x87Wanna know how comedians got their scars?\xe2\x80\xa6 https://t.co/mitiqQe7g8'"
4/8/17 17:56,0.175,0,0,8.50769E+17,shivachettri,"b'@IvyLebellexxx Most of my favs u have already in ur list besides that, I wud add Dark Knight, Lord of the Rings, 12\xe2\x80\xa6 https://t.co/LCVqUwZXTU'"
4/8/17 17:56,0.175,0,0,8.50769E+17,MrFlersh,b'@the_eliomallah ayyyy I love the Dark Knight'
4/8/17 17:55,-0.375,0,0,8.50769E+17,Batman1v,b'#Batman #Statue DC #Collectibles Batman #Comics cold cast figure andy kubert dark knight statue https://t.co/NggtQfGX6A #eBay #BestSeller'
4/8/17 17:54,-0.15,0,0,8.50769E+17,area51jeff,b'In the Heat of the Dark Knight    #ComicBookAMovie'
4/8/17 17:54,-0.15,0,0,8.50769E+17,Filsil10,b'Gostei de um v\xc3\xaddeo do @YouTube de @comicbookcast https://t.co/Q3Kj4SrTAg Chris Nolan Talks Making The Dark Knight Trilogy &amp; Ben'
4/8/17 17:53,-0.15,0,0,8.50769E+17,vcmaq,b'\xe2\x80\x94 The Joker from The Dark Knight (2008). https://t.co/03U4Ljqg62'
4/8/17 17:52,0.325,0,0,8.50768E+17,John_Candy45,b'@GamingAnarchist put some makeup on him and he becomes dark knight joker lol'
4/8/17 17:51,0.05,0,0,8.50768E+17,barciekrzyki,b'Kill Your Darlings\nOne Day\nA Street Cat Named Bob\nThe Dark Knight\nThe First Avenger https://t.co/nVB9cuJpkE'
4/8/17 17:50,0.05,0,0,8.50768E+17,xiruvifyg,b'hot toys de dark knight batman https://t.co/gQQ9mxCATi'
4/8/17 17:50,0.316666667,0,0,8.50768E+17,HDLJunior,"b'""If you good at something don\'t do it for free.""\n- Joker (The Dark Knight) -'"
4/8/17 17:46,0.7125,1,0,8.50767E+17,veIocitron,b'TIME TO PICK UP DARK KNIGHT QUEST :D :D :D'
4/8/17 17:46,-0.075,1,0,8.50767E+17,DeadsShot_,b'@Andrew_Lee_List 1-the dark knight returns both part 2-flashpoint 3-Batman year one 4-under the red hood5-all star Superman6-supes vs Elite'
4/8/17 17:45,-0.158333333,0,0,8.50767E+17,fe_Ares_bot,"b""If you hear a village rumor about a knight clad in black showing up in a dark alleyway, preying on one's blood... That's me."""
4/8/17 17:45,-0.075,2,0,8.50767E+17,SrujanaDeva,"b""I've this sudden urge to watch The Dark Knight now. Have. To. Watch. It. Now."""
4/8/17 17:45,-0.15,0,0,8.50767E+17,wmoviesonline99,b'#TheDarkKnightRises Watch The Dark Knight Rises movie online https://t.co/dLADHu179W'
4/8/17 17:44,-0.15,0,0,8.50766E+17,Maioneza__,b'\xd9\x88 \xd8\xa8\xd8\xb9\xd8\xaf\xd9\x87 The Dark Knight\xf0\x9f\x92\xaa\xf0\x9f\x8f\xbc'
4/8/17 17:43,0.158928571,0,0,8.50766E+17,MissFurioso,"b""@rebeccentric Right? I don't think it gets enough love, The Dark Knight overshadows all Nolan movies\xf0\x9f\x98\xb6"""
4/8/17 17:42,-0.15,0,0,8.50766E+17,khalidfarran,b'@looper the dark knight trilogy'
4/8/17 17:41,0,0,0,8.50765E+17,Dark_Knight_20,"b""@Coach_Kelly0626  Wouldn't Mind Play Football For Chicago Hope"""
4/8/17 17:39,0.033333333,0,0,8.50765E+17,YoussefEzzat1,"b""is it comic book movies' week on MBC2? Hulk, GL, Wolverine, Man of Steel, Captain America, Batman Begins, and The Dark Knight is next."""
4/8/17 17:33,-0.1875,3,0,8.50764E+17,ScottDC27,b'Hey @BatRaider3960 just finished your Dark Knight Returns @HolyBatCast ep. \xf0\x9f\x98\x8d it! Wish I had been there.'
4/8/17 17:32,-0.025,1,0,8.50763E+17,_brian_fm,b'the dark knight rises really took off memewise with bane posting but i think the dark knight has a lot of untapped potential in that area'
4/8/17 17:28,-0.34375,0,0,8.50762E+17,diverseasNYC,"b'@CNN People are obsessed with death &amp; ""what if""... Thank God he finished dark knight before leaving us!'"
4/8/17 17:26,-0.1875,0,0,8.50762E+17,TaranGower,"b'Selina Kyle. Your problematic fave. ""The Dark Knight: Rogue Resurrection"" Chapter 3 up now! #tdkr #dccomics #fanfic https://t.co/2XKk5PFU6z'"
4/8/17 17:26,0.27,0,0,8.50762E+17,ThisisaScott,b'I liked a @YouTube video https://t.co/mS5E1obtM0 Dark Souls 3 Ringed Knight Straight Sword - Most OP Straight Sword?'
4/8/17 17:25,-0.15,0,0,8.50761E+17,TheNerdsPodcast,b'NYL4 Archive: The Dark Knight Trilogy Part III https://t.co/ZWRMoSl1NL #bane #batman'
4/8/17 17:24,-0.241666667,0,0,8.50761E+17,dheerajtiwariET,"b'Why So Serious - Joker,  Dark Knight. https://t.co/Ta6gMYWjtL'"
4/8/17 17:23,-0.15,0,0,8.50761E+17,CJ_Mathews23,b'@cinemasins @MusicVideoSins just listened to The Dark Knight vs Rocky episode and I am devastated. Chris and Barrett ruined Christmas...'
4/8/17 17:22,-0.15,0,0,8.50761E+17,SparkleNest,b'Batman Posters. Batman Art Prints. The Dark Knight Rises. Set https://t.co/qtLPqVHnDC via @Etsy'
4/8/17 17:22,0.175,0,0,8.50761E+17,Aaleeyou,"b""Still can't forget his award winning role as The Joker in the Dark Knight."""
4/8/17 17:22,-0.15,2,0,8.50761E+17,fionkas_sister,b'The dark Knight trilogy night https://t.co/9GsKEqFyP8'
4/8/17 17:21,-0.15,0,0,8.50761E+17,Batman1v,b'#Batman #Statue THE DARK KNIGHT RETURNS BATMAN PRIME 1 STUDIOS EXCLUSIVE STATUE https://t.co/xPjdTtO9Wg #eBay #BestSeller'
4/8/17 17:21,-0.078333333,0,0,8.5076E+17,Forged_Steele,"b'It was a hard tie between Shaun of The Dead and 28 days later. Also, One Dark Knight was my first Zombie Horror mov\xe2\x80\xa6 https://t.co/EBKY3gIAXM'"
4/8/17 17:19,-0.15,0,0,8.5076E+17,riduan1985,"b'\xf0\x9f\xa6\x87\n""A hero can be anyone.""\n\xe2\x80\x93 Batman, The Dark Knight Rises-\n.\n.\n.\n#batman #batbale #hottoys\xe2\x80\xa6 https://t.co/jxaYUcn1PH'"
4/8/17 17:17,-0.052587891,1,0,8.50759E+17,_hsoe,b'its only fun when ur a dark knight because you can pop grit and immediately jump to the boss and surprise everyone. SURPRISE!!!!!'
4/8/17 17:14,-0.15,0,0,8.50759E+17,foolsbonhedzazz,b'#ComicBookAMovie The Dark Knight Returns After These Messages'
4/8/17 17:14,-0.15,0,0,8.50759E+17,Kavinkumarrv,b'Dark knight theme = #8thottakkal bank robbery theme'
4/8/17 17:07,-0.234375,0,0,8.50757E+17,ahossam03,b'The Dark Knight Trilogy #MBC2 NOW!!'
4/8/17 17:04,-0.075,0,0,8.50756E+17,Batman1v,"b'#Fictional #Hero #Batman, THE LEGENDS OF THE DARK KNIGHT, THE PENGUIN https://t.co/obxVUvM9Zh #Superhero #Deals'"
4/8/17 17:04,-0.15,1,0,8.50756E+17,sarahahaleem,"b'""Batman Begins"" w b3do ""The Dark Knight"" \xe2\x9c\x8b\xf0\x9f\x8f\xbb\xe2\x9d\xa4\n#Mbc2'"
4/8/17 17:01,-0.15,2,0,8.50756E+17,DaEmgee,b'The Dark Moon Knight Returns #ComicBookAMovie https://t.co/sSOdJ3Qm8G'
4/8/17 17:01,0.225,0,0,8.50756E+17,WorldOfDeadSoul,b'I liked a @YouTube video from @maratars https://t.co/PPcjn31ZCh Dark Knight Concept art Part 1'
4/8/17 17:01,-0.15,0,0,8.50755E+17,EtharAhmed24,b'Batman begins\nThe dark knight\nMBC 2'
4/8/17 17:00,0,0,1,8.50755E+17,BP_Mets,"b'On Thursday, we saw the version of Matt Harvey the Mets need: https://t.co/3prGVk4Tdj https://t.co/mmHDX1REsl'"
4/8/17 16:59,-0.075,6,1,8.50755E+17,aqiblatifch,b'Terminator \nThe Dark Knight\nThe Prestige\nStar Wars: The Empire Strikes Back\nThe Matrix\nThe Departed\nSaving Private\xe2\x80\xa6 https://t.co/nifB7w0kVp'
4/8/17 16:57,0.425,0,0,8.50755E+17,BanefulDamsel,b'@Ahmed2n_ come on! The dark knight trilogy is the best superhero thing thats ever happened to the cinema!Other than that meh both marvel&amp; dc'
4/8/17 16:57,0.05,0,0,8.50755E+17,tmitbhtc1,b'Hot Toys batman dark knight https://t.co/FCWUdmaUVh'
4/8/17 16:56,-0.15,1,0,8.50754E+17,brotherofdennis,b'The Dark Horse Knight #ComicBookAMovie'
4/8/17 16:56,-0.15,0,0,8.50754E+17,hagar_hany2,b'\xf0\x9f\x98\x8d\xf0\x9f\x98\x8d\xf0\x9f\x98\x8d \xe2\x80\x94 watching The Dark Knight Rises'
4/8/17 16:55,0.1,0,0,8.50754E+17,starkromanova,b'arab mutuals! is it true that mbc 2 are playing the dark Knight tonigh??'
4/8/17 16:52,-0.15,0,0,8.50753E+17,AyaLisaCosplay,b'The Dark Knight and I. #dccomicscosplay #heroicinnerkids #batgirl #batman @ Circle R Ranch https://t.co/jgx74K2E8c'
4/8/17 16:48,-0.1875,1,0,8.50752E+17,BatmanAgofchaos,"b""@ScottDC27 Would you like to see The Dark Knight movie events from The Joker's perspective? Check my webcomic!\nhttps://t.co/XKfZ6EKmcY"""
4/8/17 16:47,0.283333333,1,0,8.50752E+17,kirus16,b'@SaintsForecast @BourbonAndBeer @SportsCajun the dark Knight is one of the best superhero movies ever... The 3rd was Ass juice'
4/8/17 16:46,-0.086458333,0,0,8.50752E+17,rijkman1,"b'I liked a @YouTube video from @mrwoofless https://t.co/teTxFYogiZ Minecraft MAD PACK 2: ""THE DARK KNIGHT!!"" Episode 17 (Batman, Auto'"
4/8/17 16:45,-0.15,4,0,8.50752E+17,FritzscheKisa,"b'Guess who is watching ""the dark knight"" the 100th time'"
4/8/17 16:45,-0.1875,0,0,8.50751E+17,BatmanAgofchaos,"b""@Allenfire Would you like to see The Dark Knight movie events from The Joker's perspective? Check my webcomic!\nhttps://t.co/XKfZ6EKmcY"""
4/8/17 16:45,-0.1875,1,0,8.50751E+17,BatmanAgofchaos,"b""@ShanlianOnBat Would you like to see The Dark Knight movie events from The Joker's perspective? Check my webcomic!\nhttps://t.co/XKfZ6EKmcY"""
4/8/17 16:43,-0.1875,0,0,8.50751E+17,BatmanAgofchaos,"b""@ReverseDJM Would you like to see The Dark Knight movie events from The Joker's perspective? Check my webcomic!\nhttps://t.co/XKfZ6EKmcY"""
4/8/17 16:40,-0.1875,0,0,8.5075E+17,humorlesbastard,b'@SuperheroSCENE Does he look like a man with a plan?  The Dark Knight is a CBM masterpiece!'
4/8/17 16:40,0,0,0,8.5075E+17,fmalphakyoto,b'\xe3\x80\x8cDARK KNIGHT\xe3\x80\x8d \xef\xbc\xa8\xef\xbc\xb9\xef\xbc\xac\xef\xbc\xa5\xef\xbc\xa5\xef\xbc\xae #alphastation #nowplaying'
4/8/17 16:40,-0.15,3,2,8.5075E+17,EpochTalentLLC,"b'@Dastmalchian (@AntMan, The Dark Knight, @MacGyverCBS, @bladerunner) will be appearing at @PlanetComicon in Kansas\xe2\x80\xa6 https://t.co/Zn5KVsAitZ'"
4/8/17 16:40,-0.15,7,0,8.5075E+17,ItzDragonGirl,"b""I had the chance. To meet Dragun. And I can't go. I need to go cry in a corner and watch the Dark Knight now ;-;"""
4/8/17 16:38,-0.1875,0,0,8.5075E+17,SimmonKeith,"b'#ComicBookAMovie\nThe ""Titanic"" rise of the Dark Knight!'"
4/8/17 16:38,-0.15,1,0,8.5075E+17,FridayMuhamed,b'@AlaaaaMaher Part l joker w dark knight rises ?'
4/8/17 16:34,-0.1875,0,0,8.50749E+17,BatmanAgofchaos,"b""@DCEU_Society Would you like to see The Dark Knight movie events from The Joker's perspective? Check my webcomic!\nhttps://t.co/XKfZ6EKmcY"""
4/8/17 16:33,-0.1875,0,0,8.50749E+17,BatmanAgofchaos,"b""@McBatflek Would you like to see The Dark Knight movie events from The Joker's perspective? Check my webcomic!\nhttps://t.co/XKfZ6EKmcY"""
4/8/17 16:33,-0.15,0,0,8.50748E+17,movmash,b'Crook meets The Kid in Extremely Dark Knight Aurora'
4/8/17 16:33,-0.1875,0,0,8.50748E+17,BatmanAgofchaos,"b""@Shadow_KissedX Would you like to see The Dark Knight movie events from The Joker's perspective? Check my webcomic!\nhttps://t.co/XKfZ6EKmcY"""
4/8/17 16:32,-0.15,0,0,8.50748E+17,talexand1985,"b""A Dark Knight's Tale  #ComicBookAMovie"""
4/8/17 16:30,-0.075,2,1,8.50748E+17,G_Tortellini,b'How to Kill the White Knight! -Dark Souls 2- Lets play (part 1): https://t.co/i632NvMCds via @YouTube'
4/8/17 16:30,-0.15,2,0,8.50748E+17,nightprowIer,"b'The Dark Knight (2008), dir. Christopher Nolan. https://t.co/tgceuNpYeO'"
4/8/17 16:29,-0.15,0,0,8.50747E+17,Batman1v,"b'#Kids #Toy #Batman, THE LEGENDS OF THE DARK #Knight, THE PENGUIN https://t.co/SXtMzxMr3h #Toys #Kid'"
4/8/17 16:28,0.125,1,0,8.50747E+17,OVHDNews,b'The Dark Knight Playing This Sunday April 16 at 8PM on ch104 eHD\nYou Can Watch It For Free On OpenViewHD https://t.co/3oi0j0YevT'
4/8/17 16:28,-0.15,0,0,8.50747E+17,guntorsaputro,b'Watching The Dark Knight \xe2\x80\x94 https://t.co/Z4CuYdUSCj'
4/8/17 16:28,-0.35,1,0,8.50747E+17,MGdonalds_,"b'@Rowdagamal Batman begins, the dark Knight, the dark Knight rises :('"
4/8/17 16:13,0.05,0,0,8.50743E+17,curvelegal,"b'Dark Knight Universe Presents Wonder Woman Comic Book #1 - Frank MIller, Brain Azzarello, Edwardo.. https://t.co/Omuk6in3ow'"
4/8/17 16:12,-0.15,0,0,8.50743E+17,Batman1v,b'#Batman #Statue Sideshow and Prime 1 Studio The Dark Knight Returns Batman Exclusive statue https://t.co/iiaJak0Mn9 #eBay #BestSeller'
4/8/17 16:12,0.3375,0,0,8.50743E+17,Batman1v,"b'#Best #Toys 2008 Hot #Toy 1/4th Scale The Dark #Knight Movie 9"" H #Batman Bust https://t.co/W0IaxaX2IB #Hot #Sales'"
4/8/17 16:11,-0.1625,4,0,8.50743E+17,taylorgreny,"b""Why do I cry in literally every movie. I just finished The Dark Knight and I'm a mess."""
4/8/17 16:10,0.416666667,0,0,8.50743E+17,xCrabanx,"b""@BDO_News Looks amazing! Can't wait for it to be available in EU/NA! Will it be around the same time it took for Da\xe2\x80\xa6 https://t.co/qVec5B1BaX"""
4/8/17 16:07,-0.125,0,0,8.50742E+17,GloriBenitz,b'Spidey tries his hand at a Dark Knight voice (ASM #589) https://t.co/yXTbfcsaqg'
4/8/17 16:05,-0.15,0,0,8.50741E+17,RowanbuchananB,b'#ComicBookAMovie\nV For Vendetta: The Dark Knight Rises'
4/8/17 16:04,0.025,0,0,8.50741E+17,rnarluxias,b'I ALSO REALLY WANT THE DARK KNIGHT ASTERISK BUT I DONT WANT TO HURT HIS FEELINGS'
4/8/17 16:03,-0.15,0,0,8.50741E+17,THE_FURY_C_i,"b'Dark Souls III Design Works | Slave Knight Gael, Princess Filianore, and... https://t.co/GTnEwisDdd via @YouTube'"
4/8/17 16:01,0,0,0,8.5074E+17,DearCastandCrew,"b""Jennifer Lawrence and Chlo\xc3\xab Grace Moretz auditioned for the role of Jen in this #blockbuster film, but didn't get it https://t.co/rsl9vDSGp7"""
4/8/17 16:00,0,0,0,8.5074E+17,ZipSquad_JihaD,"b""\xe2\x80\x9805 Blood On The King's Sleeve (Prod By @DarkKnightMusic)\xe2\x80\x99 on #SoundCloud #np https://t.co/TjooWX1mPM JihaD"""
4/8/17 16:00,-0.15,0,0,8.5074E+17,yourdailydc,b'Some face to face time... \n~ Dark Knight https://t.co/hfOj8oIJpR'
4/8/17 16:00,0,0,0,8.5074E+17,ZipSquad_JihaD,b'Have you heard \xe2\x80\x9803 Buy Your Dope (Prod By @DarkKnightMusic)\xe2\x80\x99 by ZipsquadMusic on #SoundCloud? #np https://t.co/CGPhQB8kry JihaD'
4/8/17 15:56,0.425,0,0,8.50739E+17,YeezySupply,b'The Dark Knight is the greatest movie of all time!!'
4/8/17 15:55,-0.15,0,0,8.50739E+17,yahboyantman,"b'""BUT WHAT ABOUT DC YOU BIASED FANBOY""\n\nThe Dark Knight Rises is as well. \n\nNothing else. https://t.co/yCSotZhC2s'"
4/8/17 15:55,-0.15,0,0,8.50739E+17,AA_Actual,b'4 batman movies in one year is not what God intended for the universe when I got my dark knight logo tattoo'
4/8/17 15:55,0,0,0,8.50739E+17,dark_knight_30,b'Massage is a go tomorrow'
4/8/17 15:55,-0.025,0,0,8.50739E+17,Batman1v,b'#Batman #Statue Batman Dark Knight Strikes Again Statue by DC Direct https://t.co/QqEpbtczWH #eBay #BestSeller'
4/8/17 15:52,-0.058333333,1,0,8.50738E+17,SaintsForecast,"b""like them equally. Although The Dark Knight with Joker is amazing. I just feel like 'Gritty Real' Bond is Awful https://t.co/tOtxr9bo17"""
4/8/17 15:50,-0.1375,0,0,8.50738E+17,Heltodemon,b'@missbonekitty I heard if you can master the dark knight. The other tanks are a breeze'
4/8/17 15:40,0.425,3,3,8.50735E+17,Matt3huned,b'Best superhero movie of all time-The Dark Knight. RT if yall agree.'
4/8/17 15:38,-0.15,0,0,8.50735E+17,Kunta_Quentae,b'The Dark Knight Rises is fuckin dope...still'
4/8/17 15:34,-0.15,0,0,8.50733E+17,pelicanleaking,b'Batman: The Dark Knight Strikes Again (Batman (DC Comics Hardcover)) by Frank Miller https://t.co/VZf7WYZkfl'
4/8/17 15:31,-0.15,0,0,8.50733E+17,nanananananope,b'The Dark Knight trilogy on mbc2'
4/8/17 15:25,-0.15,1,0,8.50731E+17,Gbob61,b'The Dark Chocolate Knight #EatAFilm'
4/8/17 15:25,-0.15,0,0,8.50731E+17,FlavaLinn,b'The Dark Knight Trailer (Suicide Squad Style) https://t.co/G85b9vKDVH via @YouTube'
4/8/17 15:21,0.425,0,0,8.5073E+17,jfbmarketing,b'BEST PDF Jedi Knight: Dark Forces II: The Official Strategy Guide READ ONLINE https://t.co/tEH7qgroQ3'
4/8/17 15:21,-0.15,0,0,8.5073E+17,Guillaume170820,b'Batman the dark knight ep 30: https://t.co/zWXuCj6mZy via @YouTube'
4/8/17 15:20,0.425,0,0,8.5073E+17,jfbmarketing,b'BEST PDF Jedi Knight: Dark Forces II: The Official Strategy Guide READ ONLINE https://t.co/FOPlr1xyA5'
4/8/17 15:16,-0.075,3,0,8.50729E+17,Dreamseeker4759,"b""@Josh2Gud4U They don't know there DC characters notice of the Batman stuff they only have Batman 66 and Dark knight trilogy"""
4/8/17 15:15,0.025,0,0,8.50729E+17,AntelopeColl,"b""I added a video to a @YouTube playlist https://t.co/GA9fEscHEb Meet Japan's Batman - Chibatman a real life Dark Knight- BBC News"""
4/8/17 15:15,-0.15,0,0,8.50729E+17,WeSellTheyBuy,"b""Check out what I'm selling on letgo! - Batman Dark Knight Rises Mountain-Dew Cooler https://t.co/amrPziw6R8"""
4/8/17 15:12,0.116666667,0,0,8.50728E+17,JustineApelhanz,b'@70darkknight Dark Knight  Hello My spouse and i invite you to that adult porn web cam cost-free Visit my Profile is Free.'
4/8/17 15:07,-0.15,1,0,8.50727E+17,tricktd,b'Drinking a Dark Knight by @murraysbrewing at @bradfordbrewery \xe2\x80\x94 https://t.co/ataoXoStyq'
4/8/17 15:06,0.025,4,3,8.50727E+17,DJMEECHIE,b'Call Me The Dark Knight Tonight Im Fuccin Crushin @203NOAH @BreaSimone Yall Ready #Terminal110 \xf0\x9f\x93\x8d#40ozBounceCT https://t.co/IZzdxq5MU1'
4/8/17 14:57,0.166666667,0,0,8.50724E+17,ScottMackie1993,b'@BATMANONFILM Was talking about this earlier. I would love an animated trilogy of films based on the entire Knightf\xe2\x80\xa6 https://t.co/k4sWpfIgSd'
4/8/17 14:57,0,1,0,8.50724E+17,alllifeinfate,"b""#DCEU #News:\nMatt Reeves' #theBatman, #Nightwing by Chris McKay\nand #JossWhedon's #Batgirl 52 #BatgirlMovie\xe2\x80\xa6 https://t.co/xkrckJkAeJ"""
4/8/17 14:56,0.325,0,0,8.50724E+17,Danation617,"b""Check out The Dark Knight (Blu-ray Disc, 2008, 2-Disc Set) DVD. Movie. CD's. DC comics. https://t.co/bYAAaST3Vm @eBay. Great deal."""
4/8/17 14:53,-0.15,3,1,8.50723E+17,Rexx_Reed,b'@Andrew_Lee_List Dark Knight Returns and Flash Point Paradox'
4/8/17 14:49,0,0,0,8.50722E+17,smarkmann1986,"b'@IvyLebellexxx Lord of the Rings, Platoon, Naked Gun,Das Boot,Forest Gump,Gladiator, Les Miserables,The Hurtlocker,\xe2\x80\xa6 https://t.co/5VY4Y8d9Wd'"
4/8/17 14:49,0.15,1,0,8.50722E+17,ChaozBreed,"b'Demon\'s/Dark Souls ""The Chosen One""-Run: Pick Knight class | No levelling | Only use start equip.\n\nGonna have lot\'s of fun.'"
4/8/17 14:48,0.5,1,0,8.50722E+17,Say_Dark_Knight,"b""Don't go thinking I got nothing better to do"""
4/8/17 14:47,0,0,0,8.50722E+17,GOtvNg,b'@dark_knight_02 Thank you for choosing GOTV. -DN.'
4/8/17 14:46,0.025,1,0,8.50722E+17,KennyEvil,b'@summerbrennan Reminds me of this note from the totally real rejected Michael bay script for the dark Knight.\xe2\x80\xa6 https://t.co/uJJRiW8ndf'
4/8/17 14:44,0,0,0,8.50721E+17,dark_knight_02,"b""@GOtvNg it's up now"""
4/8/17 14:42,-0.15,0,0,8.5072E+17,giff_me_mana,b'#gg #dota #dota2 #cosplay\nX7 Dark Knight Gaming Mouse https://t.co/gv7BzNmEbm https://t.co/QVjAapvh6a'
4/8/17 14:38,-0.15,4,0,8.50719E+17,BATMANONFILM,"b'THE DARK KNIGHT RISES (2012) - ""Bane Breaks The Batman"": https://t.co/eBVJ0KYHbk via @YouTube'"
4/8/17 14:35,-0.15,0,0,8.50719E+17,manbearpig51585,b'Check out Custom Iron Man Mask (Dark Knight JOKER Inspired) Prop/ Party/ Protest Mask  #Handmade https://t.co/g9jaLi5CKk via @eBay'
4/8/17 14:34,-0.15,0,0,8.50719E+17,iTrendBuzz,"b'#DVD, The Dark Knight, #MorganFreeman,C. Bale, M. Caine,H.Ledger, G Oldman. https://t.co/xeCkGkptXl #Entertainment\xe2\x80\xa6 https://t.co/upk1Oe3iac'"
4/8/17 14:31,-0.16875,0,0,8.50718E+17,Sandinmyshoez,"b""@howardmegdal can't argue with that. Little motivation for the dark knight \xf0\x9f\x98\x80"""
4/8/17 14:31,-0.15,0,0,8.50718E+17,iampralhad96,b'The Dark Knight Rises (Batman) - Re-Arranged || YAMAHA PSR S770: https://t.co/bAUUbg2qvs via @YouTube'
4/8/17 14:30,0.172222222,0,0,8.50717E+17,Batman1v,"b'#Legend #Batman: Legends of the Dark #Knight #67 (Jan 1995, DC #Comics) FINE https://t.co/YuSKIcHk9r #Hot #Sales https://t.co/XDZu3Kub7l'"
4/8/17 14:30,0.133333333,0,0,8.50717E+17,Batman1v,"b'#Superhero #Batman: #Legends of the Dark #Knight #67 (Jan 1995, DC #Comics) FINE https://t.co/HQKZUc77dE #Bestseller'"
4/8/17 14:30,-0.15,0,0,8.50717E+17,manbearpig51585,b'Check out Custom Bleach Anime Mask (Dark Knight JOKER Inspired) Prop/ Party/ Protest Mask  #Custom https://t.co/cNsyUJpkC2 via @eBay'
4/8/17 14:27,0.094444444,0,0,8.50717E+17,lordartec,b'I liked a @YouTube video https://t.co/EGDl6foMA5 Black Desert Online - Dark Knight Awakening April 12th'
4/8/17 14:27,-0.15,2,1,8.50717E+17,Zedkate,b'@Andrew_Lee_List The Dark Knight Returns'
4/8/17 14:26,0.175,0,0,8.50716E+17,lavienxrose,"b'Day 03 - A Favorite Action/Adventure Movie \n\n\xe2\x80\xa2 The Dark Knight Trilogy (2005, 2008 and 2012) https://t.co/2MqCso7Dxv'"
4/8/17 14:25,-0.15,5,0,8.50716E+17,BATMANONFILM,b'THE DARK KNIGHT RISES (2012) - Bane Breaks The Batman: https://t.co/LCV86pNEns via @YouTube'
4/8/17 14:24,0,0,0,8.50716E+17,Dark_Knight_17,"b""@OSFMRosters I guess the idea is that you won't need to."""
4/8/17 14:22,-0.15,0,0,8.50715E+17,LoreandLoreguy,"b'Gostei de um v\xc3\xaddeo do @YouTube https://t.co/zCZpEdzWkv Dark Souls III Design Works | Slave Knight Gael, Princess Filianore, and the'"
4/8/17 14:19,0.6,0,0,8.50715E+17,GOtvNg,b'@dark_knight_02 Apologies for the delay. Your request has been treated. Kindly confirm viewing or provide the exa... https://t.co/WTWdPFIzHx'
4/8/17 14:18,-0.15,0,0,8.50714E+17,mumfrommold,b'@SpursOfficial @rickhughes1982 \n\nOfficial team of the Dark Knight \n#2GreatestObsessions #Spurs #Batman #TheWelshman https://t.co/6qP1CRJPXR'
4/8/17 14:14,-0.15,1,0,8.50713E+17,marcusluera,b'@MateusRojas @Kriston33 @GraceRandolph The Dark Knight made a billion dollars. It did so with cheaper ticket prices\xe2\x80\xa6 https://t.co/kVFrxClRCX'
4/8/17 14:11,0.075,0,0,8.50713E+17,KloudWhitefang,b'#BDO Hay You Guys Lets Have Some Fun #Dark Knight https://t.co/W7HioKooiS'
4/8/17 14:11,0,1,0,8.50713E+17,marcusluera,"b""@MateusRojas @Kriston33 @GraceRandolph I'm not. All lot of people probably won't. u people need to get this delusio\xe2\x80\xa6 https://t.co/x4N1hEsU5U"""
4/8/17 14:09,-0.025,0,0,8.50712E+17,onlinecashs,"b'https://t.co/ySQLHUEVbF Epic Dark Knight Playmat https://t.co/rFQrnNL7ph #tweet #tradingcards, #tradingcard, #tradingcardgame, card games\xe2\x80\xa6'"
4/8/17 14:07,0,0,0,8.50712E+17,beestsolution,b'Why is\xe2\x80\xa6 https://t.co/C4e3RkrFM9'
4/8/17 14:04,-0.01031746,1,0,8.50711E+17,MarkPiselli13,"b""Watching 'Inception' right now. I forgot that Christopher Nolan literally cast half of the cast of his Dark Knight trilogy in this film."""
4/8/17 14:03,-0.15,1,0,8.50711E+17,jeffkibuule,b'.@bdsams \xe2\x80\x9cJoker training\xe2\x80\x9d? Has someone been watching The Dark Knight?'
4/8/17 14:02,-0.158333333,0,0,8.5071E+17,MissDawnrie,"b""@KataWolf Your face on the dark knight's side is a black abyss on my screen... D:"""
4/8/17 14:00,-0.056944444,0,0,8.5071E+17,yourdailydc,b'A little switch..\nChristopher Reeve in todays Superman suit and Henry Cavill in the classic suit...\n ~ Dark Knight https://t.co/nbS950uNUA'
4/8/17 13:59,-0.016666667,0,0,8.5071E+17,hussainoid,"b""Even the documentary on Heath Ledger is near and I haven't watched The Dark Knight yet, or any of his movies."""
4/8/17 13:59,-0.075,0,0,8.5071E+17,RealLastName,b'Six hours left and Dark Knight Returns is ahead https://t.co/zoRj9ukOIh'
4/8/17 13:59,-0.15,6,2,8.5071E+17,GothamS3,b'@MiriamLadybug @GothamAddicts @tom_calderone @GothamTVPodcast @Gothamates @GothamTVWriters Dark knight'
4/8/17 13:56,-0.132291667,1,0,8.50709E+17,jotunthrash666,"b""@AdamFrazier I'm a massive Bat fan I mean I have dark knight wedding ring. This is overkill of the highest order. Warners miliking DC dry."""
4/8/17 13:49,-0.022222222,0,0,8.50707E+17,Sally98485636,b'My friend from south africa he said his a prince like a dark knight im like one drink we talk and I close the door. him im no black russian'
4/8/17 13:48,-0.15,0,0,8.50707E+17,RamySalamaG,b'Swear to ME. - The Dark Knight'
4/8/17 13:48,0.125,4,0,8.50707E+17,lennycurry,b'Bugatti\xe2\x80\x99s Chiron: a ride fit for the Dark Knight.  #Batman  https://t.co/H0mCbM5lg9'
4/8/17 13:47,0.05,1,0,8.50707E+17,CineMarkTheater,"b'.@lethal_alleles the first time she starts climbing out of her crib, you and Micaela can do the prisoner chant from The Dark Knight Rises'"
4/8/17 13:47,-0.15,0,0,8.50707E+17,ashraf_mr12,b'The dark knight \xf0\x9f\x98\x82\xf0\x9f\x98\x82\xf0\x9f\x98\x82\xf0\x9f\x98\x82\xf0\x9f\x98\x82 https://t.co/vYBOAGnVPU'
4/8/17 13:46,0.025,0,0,8.50706E+17,JonCren,b'Today is so very bittersweet. \nBye Bye to the Dark Knight. She traveled so well. Thank you to @vw to engineering s\xe2\x80\xa6\xe2\x80\xa6 https://t.co/A64sjo7Gkw'
4/8/17 13:46,-0.15,1,0,8.50706E+17,sarshanksalot,"b'@PinaCocoblog I might watch Batman Begins tonight. \xf0\x9f\x91\x80 Did you want to watch it together, or just for The Dark Knight?'"
4/8/17 13:45,-0.19375,1,1,8.50706E+17,MarbleCityCon,b'The Kingdom has sent us Daniel Newman for the weekend! Walking Dead &amp; Dark Knight Rises!'
4/8/17 13:44,-0.075,0,0,8.50706E+17,__krm5,"b'Dark Souls 3 ""The Ringed City"" DLC 2 Boss Fight Slave Knight Gael One Try only: https://t.co/JQ4n5jcDx3 via @YouTube'"
4/8/17 13:44,-0.15,0,0,8.50706E+17,veIocitron,b'i CANNOT wait to play dark knight.... i wanna....'
4/8/17 13:38,0,0,0,8.50704E+17,Say_Dark_Knight,b'Gotta choppa wit a beam'
4/8/17 13:37,-0.15,0,0,8.50704E+17,Batman1v,b'#Batman #Superhero Batman The Dark Knight Rises Movie Masters ALFRED PENNYWORTH https://t.co/7hDy3QnsHc #eBay #Auction'
4/8/17 13:36,0.225,0,0,8.50704E+17,Jarfice,"b'I liked a @YouTube video https://t.co/u0n5ZOvkeT Dark Souls 3 - Epilogue &amp; Slave Knight Gael Remix ""Journey\'s End""'"
4/8/17 13:34,0.255208333,3,0,8.50703E+17,Sm_G_Studios,"b""Finally got me the #Mezco @mezcotoyz dark knight returns batman!! And yes it's awesome!!! #batman #dc @DCComics\xe2\x80\xa6 https://t.co/4SPaZZaNbw"""
4/8/17 13:32,0,2,0,8.50703E+17,Say_Dark_Knight,b'.@ZacharyChad Got any games? https://t.co/WJN54XIUu6'
4/8/17 13:27,-0.15,0,0,8.50702E+17,vgarmada,b'The Dark Knight plays: Batman the Telltale Series (Episode 3 \xe2\x80\x93\xc2\xa04) https://t.co/gEZSiCciWS https://t.co/ieAlfCXMHX'
4/8/17 13:24,-0.15,2,3,8.50701E+17,iz3zz,b'The Dark Knight .. 2008\nhttps://t.co/pE7PqB3LOt https://t.co/RY0ZNme1oo'
4/8/17 13:20,0.225,0,0,8.507E+17,vgarmada,b'I liked a @YouTube video from @vgarmada https://t.co/6Y3H5Ar4E1 The Dark Knight plays: Batman the Telltale Series (Episode 3 \xe2\x80\x93 4)'
4/8/17 13:19,-0.15,14,0,8.507E+17,GipsySafety,"b'""Imagine the Fire"" from The Dark Knight soundtrack'"
4/8/17 13:16,-0.006818182,0,0,8.50699E+17,Allastriona,b'The Dark Knight - Hans Zimmer /J. Newton Howard - LIVE https://t.co/MYxEGgNiZV via @YouTube #Batman'
4/8/17 13:09,-0.2,1,0,8.50697E+17,Say_Dark_Knight,"b"".@ZacharyChad Ain't nobody dead he jus went on some ice n done broke his hip \xf0\x9f\x98\x82\xf0\x9f\x98\xad\xf0\x9f\x98\x82\xf0\x9f\x98\xad"""
4/8/17 13:09,0,1,0,8.50697E+17,ZacharyChad,b'@Say_Dark_Knight I appreciate it homie'
4/8/17 13:08,0.5,0,0,8.50697E+17,Roflindian,b'@009_Dark_Knight Experimenting :)'
4/8/17 13:08,0,1,0,8.50697E+17,Say_Dark_Knight,b'Prayers out to @ZacharyChad and fam \xf0\x9f\x99\x8f'
4/8/17 13:07,-0.15,239,121,8.50697E+17,GipsySafety,b'Marshawn Lynch Hype Reel : The Dark Knight Rises https://t.co/8MIJNbYVQB'
4/8/17 13:05,0.152380952,0,0,8.50696E+17,Batman1v,b'#Legend #Batman LEGENDS OF THE DARK #Knight HALLOWEEN SPECIAL: MADNESS VF/NM https://t.co/om4KIMNilO #Hot #Sales https://t.co/sul94WIwZB'
4/8/17 13:05,0.125,0,0,8.50696E+17,FreeSlotsMobile,b'The Dark Knight Rises Mobile Slot:... https://t.co/JMCSkX6j9X #slots #free'
4/8/17 13:05,-0.013888889,0,0,8.50696E+17,fanjacketss,b'Buy Dark Knight Rises Bane Coat worn by Tom Hard in the movie at discounted Price with free shipping | Shop with... https://t.co/yNy9hfJTpX'
4/8/17 13:05,0.195454545,0,0,8.50696E+17,DaneParsons,b'I liked a @YouTube video https://t.co/om2lTfadT7 The Dark Knight - Hans Zimmer /J. Newton Howard - LIVE'
4/8/17 13:02,0.225,0,0,8.50695E+17,DaneParsons,b'I liked a @YouTube video https://t.co/HM8sLglqVI The Dark Knight Rises - Piano Suite'
4/8/17 13:00,0.225,2,0,8.50695E+17,swcutscenes,b'This is the complete Full Motion video footage (or #cutscenes) from the 1997 #videogame #StarWars: Jedi Knight: ... https://t.co/fGNtLuQvmL'
4/8/17 12:59,0.225,0,0,8.50695E+17,GearsByNature,b'I liked a @YouTube video from @thanitose https://t.co/ciE16BRlLQ Dark Souls 3 - Slave Knight Gael NG+7'
4/8/17 12:51,0.175,0,0,8.50692E+17,BluyLight,"b'@LucieFerro @HarmfulOpinions From what i can tell, Harmful is more Joker from dark knight rather than a knight in shining armor.'"
4/8/17 12:49,-0.15,0,0,8.50692E+17,Batman1v,b'#TradingCard #Cards #Batman SAGA OF THE DARK KNIGHT HOLOGRAM SD1 https://t.co/jFoxAn35eu #Card #Buy #Shopping'
4/8/17 12:48,-0.15,75,64,8.50692E+17,SuperheroSCENE,b'The Dark Knight\n2008 -- Christopher Nolan https://t.co/FIsQcTOx0Q'
4/8/17 12:47,-0.15,1,0,8.50692E+17,Aldo7heApache,b'I still get chills whenever i see The Dark Knight commercials on tv.'
4/8/17 12:42,0.175,0,0,8.5069E+17,OscarMDPLover,b'GRAND CHAMPION CHILDS SADDLE HORSE \n\nCalvin Park Dark Knight - Daizi Plumb'
4/8/17 12:42,0.458806818,1,0,8.5069E+17,009_Dark_Knight,"b'@Roflindian This is innovative !! Just like ABD, adding new angles in the field of tweeting'"
4/8/17 12:41,-0.15,4,0,8.5069E+17,Ross_Zombie,b'Alex Ross Justice box set. \xc2\xa339.99 from B&amp;M. They also have the Batman 75 box for \xc2\xa329.99 and Dark Knight box for \xc2\xa324\xe2\x80\xa6 https://t.co/QffVBQXhVj'
4/8/17 12:33,-0.075,0,0,8.50688E+17,Mr_Gamer990,b'I added a video to a @YouTube playlist https://t.co/sLS3djdhCE The Dark Knight \xe2\x80\x94 Creating the Ultimate Antagonist'
4/8/17 12:33,0.15,0,0,8.50688E+17,Mr_Gamer990,b'I liked a @YouTube video https://t.co/s2T5QIbROA The Dark Knight \xe2\x80\x94 Creating the Ultimate Antagonist'
4/8/17 12:29,-0.09375,0,0,8.50687E+17,LilMissDoubtful,"b'@SonyPIX A11. Christian Bale is the ""dark knight"" who has fans that call themselves - Baleheads! \xf0\x9f\x8e\xad\n\n#GuessWhoWithNotty'"
4/8/17 12:26,0,0,0,8.50686E+17,dark_knight_02,b'@GOtvNg gotv #1200 c'
4/8/17 12:23,0.6,0,0,8.50686E+17,GOtvNg,"b'@dark_knight_02 Kindly confirm bouquet to be activated. GOtv plus: 1800, GOtv: 1200, GOtv Lite: 400.'"
4/8/17 12:22,-0.006818182,0,0,8.50685E+17,4YHWB,b'I added a video to a @YouTube playlist https://t.co/hjwVktDblx The Dark Knight - Hans Zimmer /J. Newton Howard - LIVE'
4/8/17 12:20,-0.15,34,34,8.50685E+17,SonyPIX,"b'Can you guess which ""dark knight"" star has fans that call themselves - Baleheads? \n\n#GuessWhoWithNotty'"
4/8/17 12:19,-0.075,0,0,8.50685E+17,WanmanUthmaniah,"b""For Sale!!\nDark Knight Batman Batmobile\nH1387 TM &amp; DC Comics-\nBIG VERSION-13'' x 8''\n\nInbox @ Pm\xe2\x80\xa6 https://t.co/YtPrKyRxSU"""
4/8/17 12:17,-0.1875,0,0,8.50684E+17,catholictmartin,"b""'Kong: Skull Island' v. 'Godzilla' makes sense, but 'BEAUTY AND THE BEAST' V. 'THE DARK KNIGHT'?! @boxofficemojo https://t.co/qR9HKN8jJS"""
4/8/17 12:11,-0.1875,0,0,8.50683E+17,KaffeinatedDC,b'@garfep The dark Knight of Video Games! https://t.co/sbpoYyviSp'
4/8/17 12:08,0.175,0,0,8.50682E+17,RavagePumpkin,b'Our favorite film is The Dark Knight streamed online. But how about yours? https://t.co/tVexUQQXNy'
4/8/17 12:05,0.175,1,0,8.50681E+17,SuperMotoOutfit,"b'Stand out from the crowd with our latest range of  Iron Man, Hulk, Dark Knight, Hello Kitty &amp; navy Helmets. Limited\xe2\x80\xa6 https://t.co/CVTJMRTBeX'"
4/8/17 12:05,-0.15,1,0,8.50681E+17,hermogenessss,b'Anne Hathaway in The Dark Knight Rises tho \xf0\x9f\x98\x8d'
4/8/17 12:02,0.318181818,0,0,8.5068E+17,Dark_Knight_870,b'You are trying a new approach to doing your chores today. You ... More for Leo https://t.co/ywTngAPCBg'
4/8/17 11:59,-0.329166667,0,0,8.50679E+17,urbandogge,"b'so annoying when ppl say BvS was ""too gloomy"" thats why it failed it was just an incoherent mess pls we didn\'t mind Dark Knight bein ""dark""'"
4/8/17 11:49,-0.15,0,0,8.50677E+17,OmnipoTony,"b""@yourfirestarter That's how I feel with the dark knight except I know the lines then a friend would change the channel"""
4/8/17 11:40,-0.15,0,0,8.50675E+17,JakeMatsu,b'dark knight'
4/8/17 11:35,-0.1875,1,0,8.50674E+17,Elle_belle_73,b'@Forged_Steele Thank you  Dark Knight  \xf0\x9f\x98\x8a sometimes Wonder Women just need to hear that!'
4/8/17 11:31,-0.158333333,0,0,8.50672E+17,celebritynewsio,b'BAT ROMANCE [Batman Original MUSIC VIDEO] Dark Knight Rises Lady Gaga Bad Romance Parody - - https://t.co/Me8I9mVaXJ https://t.co/D4uStk0vqr'
4/8/17 11:30,0,0,0,8.50672E+17,OSFMRosters,b'@Dark_Knight_17 No you cant'
4/8/17 11:28,-0.15,0,0,8.50672E+17,JokkeMogren,b'Jeg likte en @YouTube-video fra @comicbookcast \xe2\x80\x93 https://t.co/0rBSkdlbuX Chris Nolan Talks Making The Dark Knight Trilogy &amp; Ben'
4/8/17 11:28,0.316666667,0,0,8.50672E+17,mohamadriyadoh,"b'""If you\'re good at something, dont do it for free"" - Joker (The Dark Knight\xe2\x80\xa6 https://t.co/j1eDROO5xX'"
4/8/17 11:23,0.175,4,2,8.5067E+17,mohnadali,b'2olt azaker sat la2eet mbc 2 gayba The Dark knight trilogy elnaharda :))'
4/8/17 11:22,0,1,0,8.5067E+17,WildMofoBeats,b'Yo this is the bomb: in the kitchen by @Ahmed_McLemore https://t.co/xsaWxrWGWk on #SoundCloud'
4/8/17 11:21,-0.29296875,0,0,8.5067E+17,Batman1v,b'#Superhero #Batman Dark #Knight Strikes Again DK2 #2 Frank Miller!!! https://t.co/n6GwZWIm37 #Bestseller'
4/8/17 11:16,-0.15,1,0,8.50669E+17,GjaIIarhorn,b'promotiemateriaal voor batman the dark knight https://t.co/dYptATIpCl'
4/8/17 11:16,-0.15,0,0,8.50669E+17,maxpower2k,"b'Check out BATMAN: LEGENDS OF THE DARK KNIGHT (1989 Series) 1 - 9 , 13, 18 https://t.co/Drf5npBO6v @eBay #batman #DCRebirth #comics $9.99'"
4/8/17 11:13,0,0,0,8.50668E+17,dark_knight_02,b'@GOtvNg 3. Can the #1200 be used to activate my sub pending the time my bank clears my payment???'
4/8/17 11:12,0,0,0,8.50668E+17,dark_knight_02,b'@GOtvNg 2. If I would want to use it to activated my decoder pending when my recent payment will be acknowledge. My iuc number is 2005191362'
4/8/17 11:11,0,0,0,8.50667E+17,dark_knight_02,b'@GOtvNg one of your agent called me yesterday informing me of a balance of #1200 on my account and if I would want to use it to activate'
4/8/17 11:07,0,0,0,8.50666E+17,GOtvNg,b'@dark_knight_02 Apologies for the inconveniences. Please confirm how we may be of assistance along with your smartcard number.'
4/8/17 11:07,0.116666667,1,0,8.50666E+17,PiLs_TK,"b""@G_Bronzino that's my personal favorite but I think he has mastered his art with Dark Knight and Inception"""
4/8/17 11:06,-0.15,1,0,8.50666E+17,curagelove,b'-DARK KNIGHT-\n\n#FF14\n#\xe6\x9c\xac\xe6\x97\xa5\xe3\x81\xae\xe3\x82\xa2\xe3\x82\xa6\xe3\x83\xa9 https://t.co/2Tt9T5Z4Ro'
4/8/17 11:05,0.225,0,0,8.50666E+17,MarkersLalo,b'\xf0\x9f\x98\xa2 Race 3 The Art of The Dark Knight III: The Master Race Deluxe Edition \xe2\x9a\xa1\xf0\x9f\x8c\x9f https://t.co/vsrOZ3pnEW'
4/8/17 11:00,-0.15,0,0,8.50665E+17,ShastryHarsha,b'@AbiRatchford shawshank redemption and Dark Knight'
4/8/17 10:57,-0.1,0,0,8.50664E+17,shakeboxing,b'Batman: The Dark Knight Returns w/ Batman: The Dark Knight Returns Graphic No https://t.co/Lw9p4DJjbe #warnerbros https://t.co/YY9pqUTX9c'
4/8/17 10:57,-0.1,0,0,8.50664E+17,gamebeatz,b'Batman: The Dark Knight Returns w/ Batman: The Dark Knight Returns Graphic No https://t.co/EzEaLPek47 #warnerbros https://t.co/5HCNs5fve5'
4/8/17 10:57,-0.1,0,0,8.50664E+17,SharyynJimmy,b'Batman: The Dark Knight Returns w/ Batman: The Dark Knight Returns Graphic No https://t.co/wsZE82hx14 #warnerbros https://t.co/vkESbkg2BO'
4/8/17 10:57,-0.1,0,0,8.50664E+17,cartooncomm,b'Batman: The Dark Knight Returns w/ Batman: The Dark Knight Returns Graphic No https://t.co/i2JqlvqPQT #warnerbros https://t.co/mTnVIbdFBL'
4/8/17 10:50,0.175,0,0,8.50662E+17,janefarrelldsc,"b'Of the 3 characters which one scares you the most. Freddie Cruger, Chuckie or the Joker from the Dark Knight ""Batman""'"
4/8/17 10:48,-0.15,0,0,8.50662E+17,Sion_Namupolo,b'The Dark Knight'
4/8/17 10:47,-0.1875,0,0,8.50661E+17,BatmanAgofchaos,"b""@DemonsAssassin Would you like to see The Dark Knight movie events from The Joker's perspective? Check my webcomic!\nhttps://t.co/XKfZ6EKmcY"""
4/8/17 10:46,-0.1875,0,0,8.50661E+17,BatmanAgofchaos,"b""@adrenalineruns Would you like to see The Dark Knight movie events from The Joker's perspective? Check my webcomic!\nhttps://t.co/XKfZ6EKmcY"""
4/8/17 10:39,-0.15,0,0,8.50659E+17,Zackholmes13,b'@RelatabIetxts The dark knight theme'
4/8/17 10:36,-0.15,0,0,8.50659E+17,crimsoncoscraft,"b'@ManOfSteel37013 @therpf @da_man94 Yeah dude, look up Dark Knight FX on Etsy'"
4/8/17 10:34,-0.15,1,0,8.50658E+17,RichKen2006,b'@FABSITEUK The Dark Knight Misses the bus.'
4/8/17 10:30,-0.15,0,0,8.50657E+17,BrainstormPsych,b'The psychology https://t.co/yzTaO9LR1h of Batman The Dark Knight #psychology #mentalhealth https://t.co/nmQGrAxHe2'
4/8/17 10:30,-0.021484375,0,0,8.50657E+17,Batman1v,b'#Legend #Batman Dark #Knight Strikes Again DK2 #2 Frank Miller!!! https://t.co/MUtM1DTD12 #Hot #Sales https://t.co/nz1KbR7I2Z'
4/8/17 10:30,-0.1875,0,0,8.50657E+17,DumbassJester,"b'""Over?! Why, my dear, delusional Dark Knight, it hasn\'t even begun!"" #JesterBot'"
4/8/17 10:19,0.2125,1,0,8.50654E+17,Forged_Steele,"b'@Elle_belle_73 That sounds fantastic! It is a blank page of sorts, might as well fill it with some color :) The Knight is Dark \xf0\x9f\xa6\x87'"
4/8/17 10:16,0.376666667,1,0,8.50654E+17,tpalz,"b""easily one of the best performances ever in The Dark Knight.. incredible talent, really sucks that he's gone https://t.co/gxlpfaRAqN"""
4/8/17 10:13,-0.15,0,0,8.50653E+17,VidimovieMovies,"b'The Dark Knight Rises (2012) on #Vidimovie\nTrailers, Clips &amp; Reviews: https://t.co/s9WMxUdZ3B\n#TheDarkKnightRises https://t.co/ecf1fvZaoT'"
4/8/17 10:13,-0.025,0,0,8.50653E+17,shakeboxing,b'The Dark Knight Joker Costume Allover Print Adult T-Shirt https://t.co/2RCh2OuVlV #warnerbros https://t.co/x1o3TFEtky'
4/8/17 10:13,-0.025,0,0,8.50653E+17,gamebeatz,b'The Dark Knight Joker Costume Allover Print Adult T-Shirt https://t.co/J2n3WPivg2 #warnerbros https://t.co/8fM8xX8eaR'
4/8/17 10:13,-0.025,0,0,8.50653E+17,SharyynJimmy,b'The Dark Knight Joker Costume Allover Print Adult T-Shirt https://t.co/yhynln8EjB #warnerbros https://t.co/m51IghXh3R'
4/8/17 10:13,-0.025,0,0,8.50653E+17,cartooncomm,b'The Dark Knight Joker Costume Allover Print Adult T-Shirt https://t.co/EK9wpl7QjC #warnerbros https://t.co/qncuouMX2N'
4/8/17 10:13,-0.025,0,0,8.50653E+17,ushopweshop,b'The Dark Knight Joker Costume Allover Print Adult T-Shirt https://t.co/xhZ9PCyqM5 #warnerbros https://t.co/9kYewmI3SA'
4/8/17 10:08,-0.1875,0,0,8.50652E+17,sfoxhound,"b""@BDO_News My dark knight is already a lvl 53. I'm so looking forward to the awakening!"""
4/8/17 10:08,-0.15,0,0,8.50651E+17,AlmightyArjun,b'The dark knight in the dawn https://t.co/yCeGRVNfXD'
4/8/17 10:06,-0.475,0,0,8.50651E+17,CorvidCrusader,"b'The ending of Shovel Knignt: ""Aaawww""\n\nThe ending of plague knight: ""Aaawww""\n\nThe ending of Specter Knignt: ""Holy crap, that is dark ...""'"
4/8/17 10:04,0.05,0,0,8.50651E+17,distressjacket,b'THE DARK KNIGHT - JOKER GOON LEATHER JACKET FOR SALE | HOT SALE\n\nhttps://t.co/DLwltQnkXo https://t.co/0pXEtA6jIi'
4/8/17 10:00,-0.15,0,0,8.50649E+17,KaelynnGaming,b'DARK SOULS 3 The Ringed City Gameplay Walkthrough Part 14: BOSS FIGHT: Defeating Slave Knight Gael: https://t.co/sN4pr6r3f1 via'
4/8/17 9:53,-0.15,1,2,8.50648E+17,yugbug,b'I fell asleep in the theatres while watching The Dark Knight.'
4/8/17 9:50,-0.15,1,0,8.50647E+17,OnJChrist,b'Ima just watch The Dark Knight \xe2\x9c\x8c\xf0\x9f\x8f\xbe'
4/8/17 9:48,-0.15,0,0,8.50647E+17,GraceRadioDj,b'NowPlaying Dark Knight Rises (Ess Be remix)  - Dre Murray  https://t.co/EphxHA2b8Q 04:48'
4/8/17 9:47,-0.15,0,0,8.50646E+17,notyouralex,b'the dark knight trilogy.\xf0\x9f\x93\xba'
4/8/17 9:47,-0.2,0,0,8.50646E+17,DukeDave12,"b'DC, Too Dark In Movies? Part 3: BvS: DoJ: The Dark Knight and The God\xc2\xa0Complex https://t.co/yNRV8ZrNdq https://t.co/gjm1VEMLnL'"
4/8/17 9:45,-0.15,0,1,8.50646E+17,giff_me_mana,b'#Dota2 #dota #cosplay #ggwp #gamer\nX7 Dark Knight Gaming Mouse https://t.co/gv7BzNmEbm https://t.co/B5KmXQGwnO'
4/8/17 9:40,-0.15,5,0,8.50645E+17,BiancaH80,"b""Thinking about teaching a comparison of Oedipus and The Dark Knight with the focus concept being Jung's shadow. Thoughts?"""
4/8/17 9:40,-0.15,0,0,8.50644E+17,Batman1v,b'#TradingCard #Cards INSERT: DC #Batman Dark Knight Portrais Of The #Batman B 1 https://t.co/yaSRydC0lz #Card #Buy #Shopping'
4/8/17 9:36,-0.1875,2,0,8.50644E+17,unique_jenique,b'@4eyedRaven My dark knight genius! \xf0\x9f\x98\x8d'
4/8/17 9:29,0.347916667,0,0,8.50642E+17,giveawaynure,"b'granblue may have a lot of fanservice, but it also has so many interesting &amp; strong ladies!  also the dark Knight is a lady &amp; LADY VILLAINS'"
4/8/17 9:29,0.425,3,1,8.50642E+17,JeffreyW_78,b'The Dark Knight is the greatest film of the 2000s to 2010s no contest'
4/8/17 9:28,-0.15,146,157,8.50642E+17,GOT7jjai,b'JY\xe2\x80\x99s 5 chosen films\nRebel Without A Cause (1958)\nTitanic (1997)\nScent of a Woman (1992)\nThe Dark Knight (2008)\nThe Garden of Words (2013)'
4/8/17 9:28,0.347916667,0,0,8.50641E+17,byeImout,"b'granblue may have a lot of fanservice, but it also has so many interesting &amp; strong ladies! \nalso the dark Knight is a lady &amp; LADY VILLAINS'"
4/8/17 9:28,-0.15,0,0,8.50641E+17,BatmanStore,"b'Bandai Tamashii Nations S.H. Figuarts Batman ""The Dark Knight"" - https://t.co/j0zRfSHvbT - #Batman https://t.co/5l4YMzS62r'"
4/8/17 9:27,0.05,0,0,8.50641E+17,CerberusZer0,b'Buy Comic #ebay DARK KNIGHT III MASTER RACE #8 Klaus Janson 1:25 Variant Edition Cover DKIII\xe2\x80\xa6 https://t.co/5RRd1NMT3s'
4/8/17 9:22,-0.15,0,0,8.5064E+17,Vali_MH,b'6. The Shawshang Redemption \n7. Inception\n8. Interstellar \n9. The prestige \n10. The Dark Knight'
4/8/17 9:20,-0.15,0,0,8.50639E+17,onlinecashs,b'https://t.co/2ifHoPz401 The Dark Knight Returns Batman DC Comics Statue https://t.co/zyNGZxjdTa #tweet #collectibles #toys #moviecollecti\xe2\x80\xa6'
4/8/17 9:17,0.4,0,0,8.50639E+17,dark_knight_02,"b""@GOtvNg morning guys tried calling your toll free customer care number but it's not going thru please how do I connect with u guys ASAP"""
4/8/17 9:15,0.40625,1,0,8.50638E+17,rebel_t13,"b'Again I disagree wholeheartedly! We saw Joker at HIS greatest in Dark Knight! \xf0\x9f\x91\x8f\xf0\x9f\x91\x8f There is no method to madness,its\xe2\x80\xa6 https://t.co/KiVgXYLGll'"
4/8/17 9:05,-0.075,0,0,8.50636E+17,Batman1v,b'#Fictional #Hero #Batman The Dark Knight Rises Movie Masters ALFRED PENNYWORTH https://t.co/zISP6tVNFI #Superhero #Deals'
4/8/17 9:05,-0.006818182,0,0,8.50636E+17,Batman1v,b'#Superhero #Batman THE DARK #Knight #23.4 3D LENTICULAR #JokerS DAUGHTER ED DC NEW 52 https://t.co/DeKWQKAtul #Bestseller'