Created,Polarity,Favorite_Count,Retweet_Count,ID, User_Name,Tweet
2017-04-08 23:59:50,-0.09999999999999992,0,0,850860769344356352,courtpassant,"b'Most anticipated moment in Star Wars XIII?\nWhen do they say...\n""I have a bad feeling about this.""'"
2017-04-08 23:59:45,-0.6666666666666666,0,0,850860750193274883,GeorgeHSmith,"b'@intimidators . Austin powers, lion king, Indiana jones, mission impossible, Star Wars, footloose'"
2017-04-08 23:59:37,0.25,0,0,850860714751401985,JonnaSmith79,"b'Star Wars, Superhero, Comic Dice, Car Dice, Fabric Dice, Car Acces\xe2\x80\xa6 https://t.co/4QGQG8QanI #SuperCrafters #Starwars https://t.co/Lpe1c5xM7T'"
2017-04-08 23:59:36,-0.6666666666666666,0,0,850860712599617536,mastrelucian999,"b'@Intimidators terminator? lion king, Indiana jones, mission impossible, star wars, footloose'"
2017-04-08 23:59:36,0.7,0,1,850860709491638273,SciFiPulse,"b'In Review: The Amory Wars: Good Apollo, I\xe2\x80\x99m A Burning Star IV\xc2\xa0#1 https://t.co/2UOoXxAu3T https://t.co/5Vmye8SjpP'"
2017-04-08 23:59:27,0.6,0,0,850860673416523777,MrBillCosplay,"b""@LIRIK honestly depends if they're adding all Star Wars not just the originals"""
2017-04-08 23:59:25,0.0,0,0,850860664893648897,TheLeahMorton,b'@Intimidators Austin powers Lion king Star Wars Star Trek Footloose'
2017-04-08 23:59:20,-0.6666666666666666,0,0,850860643955728385,micapulina,b'@Intimidators  Lion King Indiana Jones Mission Impossible Star Wars Footloose'
2017-04-08 23:59:17,0.0,2,0,850860633696415744,StarWarsStuffs,b'Star Wars Vintage 1985 EWOKS King Gorneesh Kenner MOC https://t.co/3S5Ecet4fu #starwars https://t.co/jng4XdTBqO'
2017-04-08 23:59:17,0.36818181818181817,0,0,850860630672322562,cougartwolegs,"b""I liked a @YouTube video from @ptx_fanclub https://t.co/v66Nl6imIc Pentatonix - Star Wars Tribute (Live at the AMA's 2015)"""
2017-04-08 23:59:15,0.45,0,0,850860624892620800,niwroc84,"b""Timothy Zahn on His Novel Thrawn, How to Pronounce the Grand Admiral's Full Name, and More | https://t.co/Pxuw7IeGQu https://t.co/20YVlgIgpn"""
2017-04-08 23:59:11,0.0,0,0,850860605321994240,MrsTrahanMath,b'@Intimidators 1. Austin powers 2.  Circle of life 3. Indiana jones 4.  5.  Star Wars. 6.  Footloose'
2017-04-08 23:59:05,0.0,0,0,850860579518545920,loveyourrslf,b'star wars https://t.co/mSlCyOtOIZ'
2017-04-08 23:59:03,-0.6666666666666666,0,0,850860573873012736,katiekaymarie,"b'@Intimidators  the lion king, Indian Jones, mission impossible, Star Wars, footloose'"
2017-04-08 23:59:03,0.0,0,0,850860571977297922,NaomiNCgirl,b'@Intimidators lion king Star Wars mission  imposible Star Wars'
2017-04-08 23:58:58,0.21666666666666665,0,0,850860554004553730,Sanguine_Angel,b'Going to be playing some more of my Saga Edition star wars RPG tonight. The characters are chasing a dark force user. Should be fun'
2017-04-08 23:58:58,-0.6666666666666666,0,0,850860552968646656,mamabrains1,"b'@Intimidators .007, Lion King, Indiana jones, mission impossible, Star Wars, footloose'"
2017-04-08 23:58:58,0.0,0,0,850860551290933248,Cam_blake8,b'@Intimidators 1)Austin Powers 2)Lion King 3)Star Wars 4)Pink Panther 5) 6)'
2017-04-08 23:58:57,-0.6666666666666666,0,0,850860548434657280,MarkHelotie,b'@intimidators ?? lion king Indiana jones mission impossible Star Wars footloose'
2017-04-08 23:58:56,-0.6666666666666666,0,0,850860545553174528,cgsj,b'@Intimidators Austin powers lion king   Indiana jones mission  impossible Star Wars footloose'
2017-04-08 23:58:56,-0.6666666666666666,0,1,850860545007906817,jjroberson29485,"b'@Intimidators Austin Powers,Lion King, raiders of the Lost ark, mission impossible, star wars, footloise'"
2017-04-08 23:58:56,-0.6666666666666666,0,0,850860543233720321,SpittersTweets,"b'@Intimidators Austin Powers, The Lion King, Indiana Jones, Mission Impossible, Star Wars, Footloose'"
2017-04-08 23:58:56,0.0,3,0,850860541878956032,Jamie_rock19,b'YES STAR WARS YES https://t.co/juB4rjjxOd'
2017-04-08 23:58:55,-0.3717948717948718,0,0,850860541593694209,BHallOfFame2,"b'@Intimidators Austin powers, lion king, Indiana jones, mission impossible, Star Wars, foot loose'"
2017-04-08 23:58:54,-0.6666666666666666,0,0,850860537126768641,mikecalvert1,b'@Intimidators Austin powers lion king Indiana jones mission impossible Star Wars footloose'
2017-04-08 23:58:54,-0.6666666666666666,0,0,850860535969193984,BSnyderTeacher,b'@Intimidators Austinpowers The lion king Indiana jones mission impossible Star Wars footloose'
2017-04-08 23:58:54,-0.6666666666666666,0,0,850860534593355776,GregWheat,"b'@Intimidators Austin powers, Lion King, Indiana Jones, mission impossible, star wars, footloose'"
2017-04-08 23:58:53,0.4,1,0,850860533007896576,8ch_tv,b'Star Wars 9: Ghost Carrie Fisher confirmed\n#8chan #tv #movies\n\nhttps://t.co/1XSKgfuWG8'
2017-04-08 23:58:53,-0.6666666666666666,0,0,850860529245712385,trishie0312,"b'@Intimidators Austin powers, Lion King, Indiana Jones, Mission Impossible, Star Wars, Footloose'"
2017-04-08 23:58:52,-0.6666666666666666,0,0,850860525940506625,wmdeitrick,"b'@Intimidators pulp fiction, lion king, Indian jones, mission impossible, Star Wars, footloose'"
2017-04-08 23:58:50,0.0,0,0,850860520550936576,brianharrellnc,"b'@Intimidators austin powers, lion king, jurassic park, james bond, star wars, footloose'"
2017-04-08 23:58:50,0.16666666666666666,12,1,850860518269210624,XboxWrld,b'The 5 Main Changes Needed for Star Wars Battlefront II https://t.co/GAcuG0gphy https://t.co/s1c9b4DJYV'
2017-04-08 23:58:49,-0.6666666666666666,0,0,850860514955730945,carawolford,"b'@Intimidators Austin powers, lion king, Indiana jones, mission impossible, Star Wars, footloose'"
2017-04-08 23:58:49,-0.6666666666666666,0,0,850860513714163712,KBitzan,"b'@Intimidators crocodile dundeeLion King, Indiana Jones, mission impossible Star Wars'"
2017-04-08 23:58:47,-0.3833333333333333,0,0,850860506420260864,TiffaniAnnMarie,"b'@Intimidators mission impossible, the lion king, raiders of the lost ark, pink panther, Star Wars,'"
2017-04-08 23:58:45,0.0,0,0,850860498677583872,AdventureDad1,b'@Intimidators Star Wars'
2017-04-08 23:58:27,-0.03571428571428571,2,0,850860422596968450,K1ngPandaTV,"b""I think the only way I'm getting star wars battlefront 2 is if they have a single player"""
2017-04-08 23:58:16,-0.2,1,0,850860375142801408,agatroo,"b""@NUS_memes XO SP (fortunately not a NUS member so I don't have to use this Star-Wars-droid-like name)"""
2017-04-08 23:58:00,0.0,0,0,850860307371225088,m_a_h_o_n_e_y,"b""No. No. No. It's too soon for the *cue Star Wars music* moment. https://t.co/IxXZfM8tJt"""
2017-04-08 23:57:51,0.25,0,0,850860271509925888,BudgetAuction,b'\xe2\x96\x88 Custom Luke Skywalker 1/6 Head Sculpt for Hot Toys Body Star Wars DX07\xc2\xa0\xe2\x96\x88 https://t.co/bFNZrZLA17 https://t.co/yYpj8GhxAR'
2017-04-08 23:57:43,0.0,0,0,850860237112446977,cesrebvad,b'Played #StarWarsEmpirevs.Rebellion today https://t.co/4YD2to2FLI #bggplay'
2017-04-08 23:57:26,0.5,1,1,850860167554113536,RedHotChillyZ,b'Love you hear Star Wars inspired entries https://t.co/wCSU5wmKjv'
2017-04-08 23:57:12,-0.2,4,1,850860105478410240,Emily_Diane42,"b""@blast_points Do you wear a Star Wars shirt everyday or is it like how you can't wear the shirt of the band you're seeing in concert?"""
2017-04-08 23:57:10,1.0,1,0,850860098536837121,pumpkindino,"b""@JennyENicholson You're gonna at Star Wars Celebration?! Ahh! I hope to bump into you!  :D"""
2017-04-08 23:56:46,0.0,0,0,850860000452935685,meg_therese97,"b'https://t.co/0X99j3rR31 The family of Carrie Fischer has given permission for her to appear once again in ""Episode IX."" #2150AO'"
2017-04-08 23:56:43,0.0,0,0,850859985408061440,ss7cindersh,"b'having heard who will be at the star wars celebration, im jealous of @EmperorBigD'"
2017-04-08 23:56:27,0.10170454545454545,0,0,850859919641280512,rags751,"b'\'Star Wars: The Last Jedi\': New Details On ""Epic War Scene"" On New Planet Revealed! https://t.co/OISQW0ZCcA'"
2017-04-08 23:56:27,0.3181818181818182,2,1,850859917414199296,StarWars4Fans,b'Hey @fund_this\xc2\xa0appriciate the follow. Would love your feedback on our new store: https://t.co/wlrY7Gz2ks. Let me know'
2017-04-08 23:56:15,0.3625,0,0,850859866998456320,TombstoneX,b'@GarrettArt usually I will thank u 4 the Star Wars references in your podcast but I was quite delighted in last TAC the wonderful Naruto 1'
2017-04-08 23:56:03,0.0,0,0,850859818000764930,Joanne0903,b'watching star wars #IsBetterThanTheGym https://t.co/65pc9zhb1K'
2017-04-08 23:56:01,0.0,0,0,850859811122040832,SecurityNews,b'https://t.co/kS2bV6fSqa :  Carrie Fisher will appear as Leia in final Star Wars movie https://t.co/MKBMkoYN76'
2017-04-08 23:55:37,0.8,0,0,850859709238321152,brucegamefreak,"b""Great news for Star Wars fans , it's reported that Carrie fisher will in fact be in episode 9 of Star Wars as her lines were recorded"""
2017-04-08 23:55:21,0.0,197,70,850859640049065984,carxlinv,b'Rogue One: A Star Wars Story (2016) https://t.co/oRmEkKrrLK'
2017-04-08 23:55:13,0.0,0,0,850859610114334720,woopigsushi,"b'I want a Star Wars spinoff that is nothing but droids. ""Droid Story: A Star Wars Story"" &lt;-- thousand dollar idea\ncc: @starwars'"
2017-04-08 23:55:04,0.25,2,0,850859569907736576,LockerGnome,"b'Hot Wheels Star Wars Character Car 2-Pack, Darth Vader vs. Princess Leia #PirilloPicks (referral)\xe2\x80\xa6 https://t.co/8jRCTeWjPe'"
2017-04-08 23:54:58,-0.049783549783549784,26,11,850859544016179201,ComicBook,b'New Star Wars anthology\xe2\x80\x94From A Certain Point Of View\xe2\x80\x94will explore weird and obscure characters!\xe2\x80\xa6 https://t.co/Xqc79iNmMB'
2017-04-08 23:54:36,0.0,0,0,850859451934359552,hot105nonstop,"b""Carrie Fisher will appear as Leia in final 'Star Wars' movie - CNET https://t.co/jX974Alxsa https://t.co/8RPetSp1Q9"""
2017-04-08 23:54:29,-0.18181818181818182,2,1,850859423727833088,MOVIEBRAINROT,b'Is it weird that I have Star Wars playing and the Beastie Boys blaring?\nI have created a new score for this flick.\xe2\x80\xa6 https://t.co/cKEW1G0tJf'
2017-04-08 23:54:17,-0.06666666666666665,0,0,850859372880293890,StockScout1,"b'Until #BigCorporations wring it dry and move on, just like planet killers from Star Wars https://t.co/zm9E5hqO6X'"
2017-04-08 23:54:15,0.0,0,0,850859366152523776,KentonWells,b'Bohemian Rhapsody: Star Wars Edition https://t.co/JziUCofCCo via @YouTube'
2017-04-08 23:54:12,-0.3,0,0,850859353246748673,AnnaSacca,b'The Late Carrie Fisher To Appear In #StarWars: Episode IX\xe2\x80\x99 https://t.co/jIQBmuqbA0'
2017-04-08 23:53:58,0.25,0,0,850859295143022594,Butch_PLZ,"b""@LIRIK I knew the first one would be garbage once EA got their hands on it. It's just coasting off of the Star Wars name."""
2017-04-08 23:53:57,0.36818181818181817,0,0,850859288193007616,dstu09,"b""I liked a @YouTube video https://t.co/N9EER9anmm What if Obi-Wan Didn't Die in A New Hope? Star Wars Theory"""
2017-04-08 23:53:45,-0.18181818181818182,45,25,850859239799009281,ComicBookNOW,"b'New Star Wars anthology will bring 40 authors together for charity, exploring weird and obscure characters!\xe2\x80\xa6 https://t.co/j63Hoqy50u'"
2017-04-08 23:53:07,0.0,0,0,850859078637166592,Mandi_Ottoson,b'#StarWars Vintage 1995 Millenium Falcon Star Wars Playset Lewis Galoob https://t.co/7Yle68aVhd #Episode https://t.co/OaR7yy6jDl'
2017-04-08 23:53:06,0.13636363636363635,2,1,850859077160771584,StarWarsnew,b'New Star Wars Movie Targets Dwayne Johnson and Rosario Dawson? - MovieWeb https://t.co/vI5enBvnCl'
2017-04-08 23:53:05,-0.1,10,0,850859071452270592,shillyyshally,b'marvel killed and ate my star wars mojo but watch as the last jedi comes out and finn vores bucky'
2017-04-08 23:52:58,0.0,0,0,850859041597378561,jvalenci777,"b'WILLIAMS Star Wars, The Force Awakens: 4. Jedi Steps and Finale - ""The P... https://t.co/EQhI9sJm43 v\xc3\xada @YouTube'"
2017-04-08 23:52:56,0.15,0,0,850859034676609025,SOUTHRON,b'Finally watched Star Wars Rogue One. The 2 scenes alone with Darth Vader makes it worth seeing.\xe2\x80\xa6 https://t.co/0XbZMkm1f2'
2017-04-08 23:52:49,0.0,1,0,850859002913271812,fidelsaavedrab,b'Star Wars: The Last Jedi: What We Know https://t.co/I6Q9olf1Vx'
2017-04-08 23:52:32,0.0,0,0,850858932239310852,Promos_du_Web,b'#Soldes2017 Rogue One : A Star Wars Story [Blu-ray] \xe2\x9e\xa1\xef\xb8\x8f https://t.co/q3mbSsKwcn'
2017-04-08 23:52:29,0.0,0,0,850858921791246336,Promos_du_Web,b'#Soldes2017 Rogue One: A Star Wars Story\xc2\xa0[Steelbook Blu-ray 3D] \xe2\x9e\xa1\xef\xb8\x8f https://t.co/q3mbSsKwcn'
2017-04-08 23:52:20,0.35,0,0,850858884000600064,TheTrickyRick,b'I added a video to a @YouTube playlist https://t.co/KZ55aybZ6R Soundtrack Rogue One A Star Wars Story Theme Song full music Trailer'
2017-04-08 23:52:06,0.0,0,0,850858822017191936,Movies_Sales,b'Rogue One: A Star Wars Story [Blu-ray+DVD+Digital HD] https://t.co/lb7hKEkMOu https://t.co/wTj4wC4mHG'
2017-04-08 23:51:40,0.0,0,0,850858715687378944,kelsweeps,b'DIY #StarWars Fabric Covered Garden Pots &amp; $50 @Walmart GC #giveaway #ad https://t.co/WQPmJ5D3d9 @EcoScraps #BadFoodGoneGood #organic'
2017-04-08 23:51:28,0.04999999999999999,0,0,850858664105619456,MikkelzenMads,"b""I spammed my own tl with star wars, i can't imagine what it looks like to others.\n\nI'm sorry guys"""
2017-04-08 23:51:13,0.0,0,0,850858602101452801,bakedforcake,b'Star Wars cake https://t.co/yQyGyhYVSa'
2017-04-08 23:51:10,0.0,3,0,850858589266882565,moragfulton,"b""@FalconerBrian Thank You...When people on the doors ask the date of polling some don't appreciate the Star Wars Day answer \xf0\x9f\x98\x9a"""
2017-04-08 23:51:10,0.25,0,0,850858587245219840,StarWarsDeluxe,"b'Mays the force be with him: After Star Wars, Line Of Duty and the hotly anticipated Guerrilla...... - https://t.co/Pjllcc8Pc5 - #StarWars'"
2017-04-08 23:51:05,0.625,1,0,850858570102980609,Bridget_Whiting,"b'@P_S_Brooks How are you doing, Patrick? ~ The excitement level for Star Wars Celebration keeps rising :D  What are you most excited for?'"
2017-04-08 23:51:04,0.0,0,0,850858566055546881,LinkwayLive,"b""Carrie Fisher to appear in 'Star Wars: Episode IX,' her brother says https://t.co/bPSQeIqP5e"""
2017-04-08 23:50:58,0.375,467,19,850858539845394432,LIRIK,b'Is anyone honestly excited about Star Wars #Battlefront2?'
2017-04-08 23:50:48,0.25,0,0,850858495171756034,comedyfeeduk,b'Felicity Jones #Demos #... #Badass Star Wars ... - https://t.co/9sYOHIru54 #... #Comedic #FelicityJones #FightMoves #Funny #Humor #comedy'
2017-04-08 23:50:35,0.2,0,0,850858443414020097,SJ_Selina,"b""@KeepLizInMind You're watching Star Wars &amp; you're now at a Star Wars exhibition?! Is this really you Liz? \xf0\x9f\xa4\xa3\xf0\x9f\xa4\xa3"""
2017-04-08 23:50:34,0.5722222222222223,1,0,850858438473142272,Eddieg1g2,"b""@ChrisHartwell I'm sure they will. Just keep talking Star Wars you will be fine lol."""
2017-04-08 23:50:30,0.0,0,0,850858419548332032,miquiosco_com,"b'YouTube: Mark Hamil, ""Luke"" de Star Wars, parodi\xc3\xb3 ""The Force Awakens"" https://t.co/mNHYoKWCoW'"
2017-04-08 23:50:22,0.0,2,0,850858386547548160,winnievchan,"b'Wearing my Star Wars shirt today, and was stopped by a guy downtown, who said to me, \xe2\x80\x9cI am the guy you are looking for.\xe2\x80\x9d \xf0\x9f\x98\x90\xf0\x9f\x86\x97 #BadPickupLines.'"
2017-04-08 23:50:20,1.0,1,0,850858378540703744,JohnniRiddlin,b'Very creative!!! Love it!!! Powerpuff girls Star Wars style! https://t.co/KVKrGea2mU'
2017-04-08 23:50:18,0.04999999999999999,0,0,850858371939016704,AngusStewart01,"b""Cue iconic Star Wars theme I'm playing this today to tired to binge the franchise so il play\xe2\x80\xa6 https://t.co/YiN7MyEBIZ"""
2017-04-08 23:50:18,-0.15,0,0,850858370047385600,Report24CA,"b'Carrie Fisher to appear in final \xe2\x80\x98Star Wars\xe2\x80\x99 movie, late star\xe2\x80\x99s brother confirms. https://t.co/3bXmJccWzo https://t.co/XQuPBq4m6o'"
2017-04-08 23:50:17,0.13636363636363635,0,0,850858368331808768,pure_enter,b'New Anthology Explores 40 Years Of Star Wars #TV #movies #Comics https://t.co/nSuFPDK5ws'
2017-04-08 23:50:16,0.0,10,1,850858360639373312,apeofgoodhope,b'#HumanGroupNames\nA Force of Star Wars fans https://t.co/kdW50ciuzr'
2017-04-08 23:50:11,0.1,0,0,850858341379321857,sizzlepeg1,b'Star Wars - The Complete Saga [Blu-ray] Rated: \xc2\xa0PG-13 \xc2\xa0 | \xc2\xa0 Format: Blu-ray https://t.co/45fIiIKaSN'
2017-04-08 23:49:59,0.2,1,0,850858290745454592,NickiHuevos,"b""S/O to @MannyJ_17 for hooking up Star Wars: Rogue One with that price match!! Y'all should really give him a raise @Target"""
2017-04-08 23:49:43,0.0,0,0,850858223116492800,SuzJenHodges,b'I just participated in an #AmazonGiveaway for LEGO Star Wars Resistance Trooper Bat.... Check it out here:\n https://t.co/kz1G4wTDy8'
2017-04-08 23:49:42,0.0,0,0,850858219790639105,StarWarsReddit,b'Is it known what time period Star Wars takes place in? via /r/StarWars https://t.co/wuRbNsoYLa #starwars #tfa https://t.co/jpJ2rufrnj'
2017-04-08 23:49:38,0.0,0,0,850858202937921536,naoutar,b'Prepping for the next big adventure with my sweetheart- Star Wars Celebration in Orlando!'
2017-04-08 23:49:33,0.0,0,0,850858182326890498,sket49,b'My bf has driven to geelong this morning in this shitty weather to buy star wars memorabilia. He asked me if I wanted to leave bed and go \xf0\x9f\x98\x82\xf0\x9f\x98\x82'
2017-04-08 23:49:27,0.0,0,0,850858156553056256,StarWarsReddit,"b""If you're going to Star Wars Celebration, don't try to tell Hayden Christensen jokes about sand via /r/StarWars\xe2\x80\xa6 https://t.co/wM6TCvuRBB"""
2017-04-08 23:49:25,0.405,1,1,850858148223008769,eamonhamilton,"b""Quick plug: if you're a Star Wars fan, the Bandai kits are super easy to build. No glue required, very detailed, hi\xe2\x80\xa6 https://t.co/UOMeu06KkS"""
2017-04-08 23:49:17,0.0,0,0,850858115406942212,StarWars_Store,b'#Disney Infinity 3.0 Edition: Star Wars Saga Bundle https://t.co/7GoUMVkzIv #StarWars @Disney #Infinity https://t.co/2VWKiCFwZB'
2017-04-08 23:49:14,0.13636363636363635,0,0,850858103075733506,theluanz,b'New Anthology Explores 40 Years Of Star Wars https://t.co/08MnbHnx2F'
2017-04-08 23:48:46,0.0,1,0,850857984741830656,Accellove123,b'@darkwolf8838 We not from star wars XD'
2017-04-08 23:48:38,0.25,0,0,850857950243680256,wien_sam,b'Hasbro Star Wars San Diego Comic Con Exclusive Holographic Princess Leia https://t.co/nAKvNn8Vyp'
2017-04-08 23:48:34,0.0,0,0,850857934238216195,PStation_games,b'If Disney Princesses Invaded Star Wars https://t.co/2tgNDyUEuE https://t.co/Re5EKslYLC'
2017-04-08 23:48:32,0.625,0,0,850857928412319744,softkepners,b'favorite Star Wars ship \xe2\x80\x94 HAN &amp; LEIA! https://t.co/2s40gqsedK'
2017-04-08 23:48:27,0.0,0,0,850857904467046401,luciana43187733,"b""#StarWars: Carrie Fisher to appear in 'Episode IX,' says brother Todd Fisher https://t.co/1pEPrzrn82 by #THR via\xe2\x80\xa6 https://t.co/PuRddgEpe9"""
2017-04-08 23:47:46,0.6,0,0,850857734132174848,stevenzobel,b'I liked a @YouTube video https://t.co/Hv9FqpIeFZ Star Wars Captain Rex Remembers Ahsoka Tano and The Clone Wars HD'
2017-04-08 23:47:39,-0.16666666666666666,0,0,850857704889483264,bmking72,b'Target on #Yelp: Darth Vader (Star Wars) Black T-Shirt https://t.co/YdKPa3fotk'
2017-04-08 23:47:25,0.0,0,0,850857647041642497,xXWRYYYYYYXx,b'I have begun my journey to rewatch every Star Wars movie ever https://t.co/lVr4ak6T5R'
2017-04-08 23:47:14,-0.015151515151515152,0,0,850857598316298240,TV_Signals,b'New Post: Lucasfilm Reveals Hidden Star Wars: Rogue One Easter Eggs - https://t.co/Apdl7Qn7Rh #TV'
2017-04-08 23:47:09,0.0,0,0,850857578430996481,Jimmie_Ramseyer,b'#MarkHamill Star Wars #Autograph Mark Hamill Carrie Fisher 11x14 https://t.co/1Z9NaO0KBs #StarWars #Skywalker'
2017-04-08 23:47:08,0.13636363636363635,0,0,850857574760988672,TV_Signals,"b'New Post: Carrie Fisher To Appear In \xe2\x80\x98Star Wars: Episode IX\xe2\x80\x99, Her Brother Confirms - https://t.co/Nmk3tize7w #TV'"
2017-04-08 23:47:06,0.0,0,0,850857563717500929,UsagiMylene,b'Finally getting around to adding my second Star Wars patch to my jacket. https://t.co/JP6UgtmLUl https://t.co/BqLx4oEVrZ'
2017-04-08 23:47:01,0.21428571428571427,0,0,850857542800613376,russelbowline,"b'CARRIE FISHER &amp; BILLY DEE WILLIAMS ""THE KISS"" STAR WARS Signed ESB 16x20 Large PHOTO PSA DNA https://t.co/4aherAw7Wm'"
2017-04-08 23:46:54,0.2,0,0,850857513440432129,Kyle_Vokey87,"b""@MeggTheEggg @tylermcrae12 is it really a star wars reference if he doesn't say sith...."""
2017-04-08 23:46:46,0.35,20,7,850857483614666752,RanchoObiWan,b'Thanks to Dylan Love and Nissan North America for these gorgeous photos taken during a recent tour of Rancho... https://t.co/oKagrk696O'
2017-04-08 23:46:44,0.43333333333333335,0,0,850857475192619009,animelytical,b'Rogue One has ruined Star Wars. Luke had it so easy'
2017-04-08 23:46:44,0.0,1,0,850857471874928648,doug200463,b'Getting my copy of Rogue One tomorrow!! Cant wait to add it to my Star Wars Binge Playlist! #StarWars #RogueOne https://t.co/wHTHlL311r'
2017-04-08 23:46:41,0.0,2,0,850857460999041025,BenjiCastvital,b'next weekend we get the Star Wars VIII trailer'
2017-04-08 23:46:32,0.4375,0,0,850857425209094144,PBradz,"b""We're in the home stretch now. What are you most excited to see at @SW_Celebration?... https://t.co/FU87lsZvsB by\xe2\x80\xa6 https://t.co/M7tcroAtH7"""
2017-04-08 23:46:23,0.25,1,0,850857386676031493,TuriShadowscale,"b""Today I learned that Emperor Palpatine's first name is Sheev. I've gone almost 20 years as a Star Wars fan and never knew that :l"""
2017-04-08 23:46:17,0.10000000000000002,1,0,850857359505330176,KatieYearty,"b'This makes me so happy &amp; sad\nCarrie Fisher to Appear in Final \xe2\x80\x98Star Wars\xe2\x80\x99 Movie, Her Brother Reveals https://t.co/TfUd40lAD3 via @indiewire'"
2017-04-08 23:46:15,0.0,7,1,850857352832188416,TheScreenBoys,b'George Lucas giving direction to Carrie Fisher &amp; Mark Hamill on the set of Star Wars (1977) https://t.co/TCfI4jxOG2'
2017-04-08 23:45:54,0.6,23,6,850857264298823682,ahsokaluke,"b""A dudebro said Vader shouldn't get his own movie because Star Wars shouldn't focus on villains and compared him to\xe2\x80\xa6 https://t.co/Z6OHutsIIA"""
2017-04-08 23:45:34,0.0,0,0,850857179041087489,all_newsonline1,"b""Carrie Fisher will appear as Leia in final 'Star Wars' movie - CNET https://t.co/gkoIcwkzZ3"""
2017-04-08 23:45:31,0.5249999999999999,1,0,850857168073105409,JonelleElgaway,"b""@4xdrop Brian just got me a cool Star Wars shirt. And I've got my good luck charm #CaptainChewbacca https://t.co/kItCPzLOg8"""
2017-04-08 23:45:16,0.25,0,0,850857104608972800,stereonicdisco,b'Me everytime nanya @soebhali which Star Wars I should watch first? \xf0\x9f\x98\x85\xf0\x9f\x98\x85\xf0\x9f\x98\x85\xf0\x9f\x98\x85 https://t.co/gGzLX2DMX6'
2017-04-08 23:45:14,-0.4,0,0,850857095293313024,HtraeEditor,b'#SadTweet: @Gen22: Might fuck around and watch Star Wars.\n\nAgain.'
2017-04-08 23:45:09,0.0,2,1,850857074221170688,Yodasnews,b'Darth Vader Goblet - enough said! https://t.co/mbOzyRGI3w'
2017-04-08 23:45:07,1.0,0,0,850857066075897856,mctaylo,"b""Lego Star Wars The Force Awakens should get a Switch release. It'd be perfect for the console."""
2017-04-08 23:45:07,0.0,1,1,850857065371316225,LockerGnome,b'Wash your germs away! Star Wars Softsoap Kids Foaming Hand Soap (referral) https://t.co/1GFKu0kBTi https://t.co/n9xoYdeWlA'
2017-04-08 23:45:01,0.13636363636363635,0,0,850857040977121281,moviesbuzz,b'New Anthology Explores 40 Years Of Star Wars  https://t.co/PQ6vkS26SD'
2017-04-08 23:44:41,1.0,0,0,850856956575322116,413tyson,"b'@Sean081799 played as a kid without having ever seen any star wars movie and thought it was the best thing ever, di\xe2\x80\xa6 https://t.co/BnRnxHUBwA'"
2017-04-08 23:44:19,0.0,0,0,850856864241680386,Shashtah,b'Carrie Fisher will appear in \xe2\x80\x9cStar Wars: Episode IX\xe2\x80\x9d without CGI https://t.co/A44Mvcucsw'
2017-04-08 23:44:10,-0.16666666666666666,0,0,850856826228879360,patriciawadam,b'#KYLO #REN \xe2\x80\x93 #Star #Wars #Black #Series #6\xe2\x80\xb3 The #Force #Awakens #Figure #W1 \xe2\x80\x93 IN #STOCK\xe2\x80\xa6 https://t.co/3Xur15v8ZV'
2017-04-08 23:44:04,0.0,0,0,850856800660357123,flopback,"b""LEGO Kids' Star Wars Plastic Watch with Link Bracelet and Minifigure by LEGO https://t.co/ROoHhKRQEN"""
2017-04-08 23:43:57,0.0,1,0,850856771451277312,Th3Blur,"b""It's starting to feel like a Star Wars marathon night"""
2017-04-08 23:43:51,0.0,0,0,850856749854711808,marciojmsilva,b'Carrie Fisher reported to appear as Leia in final #StarWars movie of the current trilogy https://t.co/OFsd6sgM9q https://t.co/tzboWbBTuZ'
2017-04-08 23:43:47,1.0,0,0,850856730082803713,debradubois1,"b'I just entered @AlertBot\'s contest to win a @RokuPlayer Stick + @STARWARS ""Rogue One"" Prize Pack! https://t.co/ENeHn6sJBe #RogueOne'"
2017-04-08 23:43:45,0.0,0,0,850856721782382592,marciojmsilva,b'Carrie Fisher reported to appear as Leia in final #StarWars movie of the current trilogy https://t.co/OFsd6sgM9q'
2017-04-08 23:43:42,0.0,0,0,850856708159221760,clooneysgal,b'DIY #StarWars Fabric Covered Garden Pots &amp; $50 @Walmart GC #giveaway #ad https://t.co/5uys3mYCyJ @EcoScraps #BadFoodGoneGood #organic'
2017-04-08 23:43:16,-0.049999999999999996,0,0,850856603012255744,XetGFCX,"b""Episode IX is not the 'final' Star Wars movie. Far from it. The Sun not doing their research as usual. https://t.co/ggliO1IWz4"""
2017-04-08 23:43:14,0.0,0,0,850856594162147328,yalbon781,"b""THEFIRSTTRILLIONAIRE Carrie Fisher Is Definitely Appearing in 'Star Wars: Episode IX,' No CGI\xe2\x80\xa6\xe2\x80\xa6 https://t.co/9vEXhGalVH"""
2017-04-08 23:43:11,0.0,0,0,850856580232781824,YodaJediSoy,"b""If you're going to Star Wars Celebration, don't try to tell Hayden Christensen jokes about sand\xe2\x80\xa6 https://t.co/wHfYjjQMIA"""
2017-04-08 23:42:49,0.0,1,0,850856488058765316,JehseaLynn,b'Check out the price of gas the day Star Wars opened in 1977. https://t.co/bOIrUClpRp'
2017-04-08 23:42:33,0.0,14,4,850856418727088128,brickcityswpc,"b""https://t.co/mPyA6gOAYR 'One Stop Star Wars' by Brick City Blockade Star Wars Podcast Network #np on #SoundCloud\xe2\x80\xa6 https://t.co/RmY05RU2VU"""
2017-04-08 23:42:25,0.0,1,0,850856386602967040,JEDI0RGANA,b'@paramoreIy I CHANGED IT BUT IT\xe2\x80\x99S STILL STAR WARS OFC'
2017-04-08 23:42:19,0.13333333333333333,1,0,850856361080520704,KnowingFlame,b'RARE star wars BLUE SNAGGLETOOTH ACTION FIGURE no toe dent UKG not AFA vintage https://t.co/hrEkjJTHmi #toys https://t.co/gixIlQKuMn'
2017-04-08 23:42:17,-0.375,0,1,850856354948448256,lione71,b'Revolt First Order &amp; all evil Empires! Visit us. #StarWars #StarWarsCelebration #TheLastJedi #revolution #RESISTANCE https://t.co/sY4HXTYAg2'
2017-04-08 23:42:14,0.0,0,0,850856340637573120,cubfantim,b'Watching Star Wars prequels is like watching the US govt since 2016 #starwars #unlimitedpower #iamthesenate #sith #darktimesfortherepublic'
2017-04-08 23:42:11,0.2833333333333333,1,0,850856330256633856,cassacain,"b""gentlemen. 57 times have i seen the greatest dramatic work of the20th century. i'm talking about , \n ,\nStar Wars"""
2017-04-08 23:41:58,0.4000000000000001,0,0,850856275713945600,Puertorock_AAGE,b'@jacob2israel8 @CrazyJuan77 @CasualHandz @WindyCityGaming @LiveWirezGamer Seeing this on the store shelf was huge f\xe2\x80\xa6 https://t.co/sA43txgV93'
2017-04-08 23:41:45,0.16666666666666666,0,0,850856220424638464,cameron91764981,b'Star Wars Classic Jedi Robe Pet Costume     Buy it now &gt;&gt;&gt;&gt;&gt;   https://t.co/05jErav87v https://t.co/jFXeW2ufFf'
2017-04-08 23:41:38,-1.0,1,0,850856189839593473,suggcessful,b'@STFUVIK Star Wars is so boring to me \xf0\x9f\x92\x80'
2017-04-08 23:41:37,0.04999999999999999,2,0,850856187721433088,MOOMANiBE,"b""One of the side effects of every star wars game reusing music from the OT is it's been drilled into my head WAY more than it might otherwise"""
2017-04-08 23:41:20,0.75,0,0,850856116493979653,theREALWGPG,b'I liked a @YouTube video from @its_teamedge https://t.co/U9KNJ7Vujr Who Done It!? | Star Wars Edition'
2017-04-08 23:41:13,-0.16666666666666666,1,0,850856083400736768,GeekNews247,b'Lucasfilm Reveals Hidden Star Wars: Rogue One Easter Eggs https://t.co/JtPJEBfxIz #RogueOne #SciFiMovie https://t.co/0RX2louUKD'
2017-04-08 23:41:08,0.0,1,1,850856065105264640,KD9EAS,"b""Seeing the moon out during the day makes me feel like I'm in Star Wars https://t.co/refThFGk4L https://t.co/UVUYjTy1CP"""
2017-04-08 23:41:07,0.0,0,0,850856061758316544,CanvasFactoryCo,b'Star Wars Rouge One Storm Clone Trooper Canvas Wall Art #starwars https://t.co/j4KfDukFXc #canvas'
2017-04-08 23:41:01,0.25,1,0,850856033580929024,CosmicEcho123,b'Mark your calendars!\n\nYour first look at StarWars Battlefront II is coming April 15 at... https://t.co/xdZmrSxFmk b\xe2\x80\xa6 https://t.co/488Ii5IhWP'
2017-04-08 23:40:56,0.0,0,0,850856014559707136,utsadeli,b'Star wars Rouge one event giveaways  #1 https://t.co/5LgHEj7SOJ'
2017-04-08 23:40:54,0.6,2,1,850856005495816192,sonchouchou,"b""You know you've got the best when your girl surprises you with Star Wars gear\xf0\x9f\x94\xa5 thanks baby girl @daphne_posadas \xf0\x9f\x92\x99 https://t.co/GEoc1zDuZi"""
2017-04-08 23:40:54,-0.3,0,0,850856003616768004,latestcanada,"b""(Toronto Sun):#Carrie Fisher to appear in 'Star Wars: Episode #IX,' her brother says : The late Carrie Fisher.. https://t.co/K4QKeizgoR"""
2017-04-08 23:40:52,0.0,0,0,850855995232272384,joystickreport,b'Star Wars Rebels: Season 3 Review - https://t.co/bb8mXlpCwi'
2017-04-08 23:40:45,-0.16666666666666666,1,0,850855967034093568,Sarah_Lackore,b'Watching all the Star Wars movies in order and holy shit these prequels are terrible. They make for good drinking games though \xf0\x9f\x98\x9c\xf0\x9f\x98\x82'
2017-04-08 23:40:40,0.0,4,1,850855946947571714,smtownists,b'THE STAR WARS ANALOGY HE MADE ABOUT DJS AND MCS BEING JEDIS AND THE MUSIC BEING THE FORCE. WHAT A MAN'
2017-04-08 23:40:37,0.5,1,0,850855935673348096,thecathy926,"b'Wait, I get Star Wars and Pitch Perfect 3 in the same month???'"
2017-04-08 23:40:36,-0.2,0,0,850855929671286784,im_notelizabeth,b'i just found the tweets from when i watched star wars without jane and im deaD'
2017-04-08 23:40:33,0.25,0,0,850855919193862146,Paulita_Lausen,b'Male Star Wars Characters Reimagines As Sexy Pinup Girls https://t.co/mZGAzSSfgd https://t.co/QIPa8OTgdd'
2017-04-08 23:40:22,0.0,0,0,850855869185224706,Cosmoogle,"b""@AndreSegers I've never seen Star Wars. Why is that robot camel fighting that flying radiator?"""
2017-04-08 23:40:21,0.0,0,0,850855867209613313,vogicalokeg,"b""Modding 'Star Wars Galactic Conquest' to add mercenaries (Help needed) https://t.co/leGA4ADjM5"""
2017-04-08 23:40:21,0.0,13,7,850855865573715968,RobArcher,b'Carrie Fisher will appear in \xe2\x80\x9cStar Wars: Episode IX\xe2\x80\x9d without CGI. https://t.co/gIZfbtCLyo https://t.co/qhWoHGFKtn'
2017-04-08 23:40:16,0.4375,0,0,850855847458635777,anderpalma,"b""We're in the home stretch now. What are you most excited to see at @SW_Celebration?... https://t.co/dAu3E7w4Gb by\xe2\x80\xa6 https://t.co/3NetDyzrUq"""
2017-04-08 23:40:05,0.0,0,0,850855801724030976,sizzlepeg1,"b'Joonas Suotamo, Double for Chewbacca #25/50 2016 Topps Star Wars: The Force Awakens Chrome.. https://t.co/nQyEEpNSoH'"
2017-04-08 23:39:56,0.0,0,1,850855762662490112,STFUVIK,b'wait this is Star Wars ? https://t.co/1ZZpXNunCw'
2017-04-08 23:39:44,0.375,4,0,850855711395500033,smtownists,b'hes so fucking funny and nerdy like all his star wars puns were so cute'
2017-04-08 23:39:44,0.0,1,0,850855711353565184,_deerperkyset_,b'Rip Star Wars mug'
2017-04-08 23:39:36,-0.6,1,0,850855678025633796,MOutfielder,b'Jett Bandy is a stone cold Star Wars name'
2017-04-08 23:39:31,0.0,0,0,850855658836475904,Starwars_mob,b'#hashtag4 Star Wars Blocks Toy https://t.co/phPER1rwMP https://t.co/dNsCuHEZpi'
2017-04-08 23:39:25,0.0,1,0,850855633633017856,SuhAntorchita,b'@_Moogli_ @ytrewqoknig star wars basura'
2017-04-08 23:39:15,0.0,0,0,850855589374709760,NSeriesJanu,"b""#nrnhr Carrie Fisher Is Definitely Appearing in 'Star Wars: Episode IX,' No CGI Necessary https://t.co/qUkQui12dM\xe2\x80\xa6 https://t.co/0zF0me6u6j"""
2017-04-08 23:39:13,0.0,0,0,850855580319096832,aaisha_khatun,"b""#nrnhr Carrie Fisher Is Definitely Appearing in 'Star Wars: Episode IX,' No CGI Necessary https://t.co/shUHy0T2YI\xe2\x80\xa6 https://t.co/lapT8rkLNO"""
2017-04-08 23:39:12,0.0,0,0,850855578700099584,mahi52286,"b""#nrnhr Carrie Fisher Is Definitely Appearing in 'Star Wars: Episode IX,' No CGI Necessary https://t.co/wXB9NRix7m\xe2\x80\xa6 https://t.co/OIPho08lWo"""
2017-04-08 23:39:11,0.0,0,0,850855572580614144,ShunoJaan,"b""#nrnhr Carrie Fisher Is Definitely Appearing in 'Star Wars: Episode IX,' No CGI Necessary https://t.co/ieKqeSSEkr\xe2\x80\xa6 https://t.co/CyUySV23ZC"""
2017-04-08 23:39:10,0.0,0,0,850855569699201025,BarirahAreej,"b""#Nrnhr Carrie Fisher Is Definitely Appearing in 'Star Wars: Episode IX,' No CGI Necessary https://t.co/PCeVAGMEkq\xe2\x80\xa6 https://t.co/TBXTsmTjPL"""
2017-04-08 23:39:09,0.0,0,0,850855566670942208,jesmina_sultana,"b""#Nrnhr Carrie Fisher Is Definitely Appearing in 'Star Wars: Episode IX,' No CGI Necessary https://t.co/2lQEu1ssjT\xe2\x80\xa6 https://t.co/qbPdrZ9GJr"""
2017-04-08 23:39:09,0.0,0,0,850855566247211008,adrijanmoll,"b""#nrnhr Carrie Fisher Is Definitely Appearing in 'Star Wars: Episode IX,' No CGI Necessary https://t.co/p04gYfaD9l\xe2\x80\xa6 https://t.co/2Gjm7yJDhm"""
2017-04-08 23:39:09,0.0,0,0,850855565995659264,elenaella1411,"b""#nrnhr Carrie Fisher Is Definitely Appearing in 'Star Wars: Episode IX,' No CGI Necessary https://t.co/O6je3wqxiR\xe2\x80\xa6 https://t.co/Z5hSxbj6xb"""
2017-04-08 23:39:08,0.0,0,0,850855560345825280,abirsultana1,"b""#nrnhr Carrie Fisher Is Definitely Appearing in 'Star Wars: Episode IX,' No CGI Necessary https://t.co/Hu9Wcgdo25\xe2\x80\xa6 https://t.co/Gt32FTGGg4"""
2017-04-08 23:39:08,0.0,2,1,850855559641288704,JaniseSekhmet,"b""Carrie Fisher Will Reportedly Appear in 'Star Wars: Episode IX' https://t.co/ZJn47HUgMi https://t.co/NsJ8SXkcpE"""
2017-04-08 23:39:07,0.0,0,0,850855557544030208,linagraph1,"b""#nrnhr Carrie Fisher Is Definitely Appearing in 'Star Wars: Episode IX,' No CGI Necessary https://t.co/ANfobU9WPJ\xe2\x80\xa6 https://t.co/jEDIrYrw7P"""
2017-04-08 23:39:06,0.625,0,0,850855552720699392,roCKYshOW,"b""I love Star Wars Meme's!  #starwars #starwarsfan https://t.co/UAHGf4Yx2j"""
2017-04-08 23:39:05,0.4,0,0,850855550267121664,CommeUnJedi,b'Figurine Star Wars Mighty Muggs Royal Guard https://t.co/1bfYIk32iI #StarWars'
2017-04-08 23:39:03,0.125,0,0,850855541740101633,HCSLodge4,"b'Star Wars Episode 8 The Last Jedi Darth Vader Castle, First Trailer and ... https://t.co/jQMIWvQ2KT via @YouTube'"
2017-04-08 23:39:03,0.0,0,0,850855540171386883,_LikeAJedi_,b'Star Wars Revenge of the Sith 12-inch Darth Vader https://t.co/tBl1l7V7Fm #StarWars'
2017-04-08 23:39:00,0.2,0,0,850855526166659072,_LikeAJedi_,b'Vintage Star wars Action Figures Spares or repairs Rare https://t.co/CDUoO1q9EC #Starwars'
2017-04-08 23:38:59,-0.4,1,0,850855523847155712,CarrieCheeks,"b""Woman in the checkout line has a bedazzled Star Wars shirt on. I'm so confused."""
2017-04-08 23:38:56,0.24444444444444446,0,0,850855510295367681,_LikeAJedi_,b'Vintage Star wars Action Figure Spares or repairs super Rare https://t.co/DhwcEunVtq #Starwars'
2017-04-08 23:38:53,0.05,0,0,850855498119356416,_LikeAJedi_,b'Star Wars Kenner Action Figure lot red card Luke Han Darth Vader C-3PO Chewbacca https://t.co/4gU31IPwCT #StarWars #Chewbacca'
2017-04-08 23:38:51,0.26666666666666666,0,0,850855487478407170,godkth,b'@smtownists i love him so much every time he mentioned star wars my skin got clear and clearer'
2017-04-08 23:38:50,0.2,0,0,850855485351788545,_LikeAJedi_,"b'Modern Era POTF Bespin Star Wars Figure Lot  Lando, Lobot, Han Solo https://t.co/u60SxtxV6K #StarWars'"
2017-04-08 23:38:47,0.0,0,0,850855471829397510,_LikeAJedi_,b'Star Wars Concept Obi-Wan &amp; Yoda Signature Series SDCC Figure set 2007 https://t.co/iSIug35JeW #StarWars #Yoda'
2017-04-08 23:38:44,0.0,0,0,850855459389157377,_LikeAJedi_,b'X-Wing Battle Damage Canopy Part-Star Wars-Vintage https://t.co/NtXjBZSP97 #StarWars-Vintage'
2017-04-08 23:38:40,0.35,0,0,850855444033806336,_LikeAJedi_,b'VINTAGE KENNER STAR WARS REE-YEES COMPLETE with WEAPON 1983 ROTJ NICE https://t.co/rUrQIzRaac #STARWARS'
2017-04-08 23:38:40,-0.29296875,2,0,850855441529802753,lione71,b'Join the Dark Side! The Empire! Shop here! #StarWars #DarthVader #StarWarsCelebration #TheLastJedi #stormtrooper https://t.co/qY0DYmL91G'
2017-04-08 23:38:37,0.0,0,0,850855432054820864,_LikeAJedi_,b'R. McQuirrie Star Wars Stormtrooper with exclusive collector coin https://t.co/zRReKsHW99 #StarWars #Stormtrooper'
2017-04-08 23:38:35,0.2875,0,0,850855420558233601,_LikeAJedi_,b'1995 Original Release POTF Modern Era Star Wars 5 Figure Lot https://t.co/DNShwlzsZ6 #StarWars'
2017-04-08 23:38:32,0.0,4,2,850855410663686144,abbymuniz_,b'Star Wars Guy/Luke/Henry/Cole where you rushing to buddy?! #FiveLittleBirdiesMakeAWish'
2017-04-08 23:38:31,0.0,0,0,850855404124999680,_LikeAJedi_,b'Star Wars Revenge of the Sith Tri-Droid https://t.co/RbR9cM4268 #StarWars'
2017-04-08 23:38:27,-0.033333333333333326,0,0,850855390485131264,_LikeAJedi_,b'Hasbro Star Wars The Black Series Jawa Action Figure https://t.co/TeTvOdtZmZ #StarWars'
2017-04-08 23:38:24,-0.12179487179487179,0,0,850855378351001600,_LikeAJedi_,b'6 Inch AT-AT Pilot Driver Figure Black Series Collection Star Wars TBS ESB LOOSE https://t.co/k8ieg3mFlj #StarWars'
2017-04-08 23:38:21,0.2,0,0,850855362928533504,_LikeAJedi_,"b'R1G4,  R5D4 and Luke Skywalker Modern Era Star Wars Figure Lot https://t.co/hLkBDJmFTv #Skywalker #StarWars'"
2017-04-08 23:38:20,-0.3,0,0,850855359380172800,Appleolizer,b'FILM NEGATIVE - WHAT THE STAR WARS SEQUELS CAN LEARN FROM THE PREQUELS https://t.co/YynfFJj86C https://t.co/9vkgG8MC2Q'
2017-04-08 23:38:18,-0.16666666666666666,0,0,850855350664400897,_LikeAJedi_,b'Star Wars Black Series 3.75 #03 Darth Vader https://t.co/MMKxFEvwod #StarWars'
2017-04-08 23:38:17,0.0,21,25,850855347526959105,charlesmilander,b'Carrie Fisher will appear as Leia in final `Star Wars` movie - CNET https://t.co/bIiN6bgfoW https://t.co/snvxJ59nhx'
2017-04-08 23:38:13,0.0,0,0,850855329600610306,_LikeAJedi_,b'Star Wars Revenge of the Sith Mustafar Panning Droid https://t.co/ToeP09VURI #StarWars'
2017-04-08 23:38:08,-0.4,1,0,850855310872813568,suggcessful,"b""@8ben_ I don't even like Star Wars and this made me feel worse about it"""
2017-04-08 23:38:07,0.0,2,0,850855303772024832,zennie62,b'Carrie Fisher Will Somehow Still Star In \xe2\x80\x98Star Wars: Episode IX\xe2\x80\x99 \xe2\x80\x93 Huffington Post https://t.co/Z8CS6nkEuS #PopCulture'
2017-04-08 23:38:06,-0.015151515151515152,0,0,850855302119469056,StarwarsebayUS,b'New on Ebay!Star Wars in the USA 6 Inch Princess Leia Organa Figure Black Series Collection Star Wars TBS ..LOOSE\xe2\x80\xa6 https://t.co/ymEkn0VEAY'
2017-04-08 23:38:03,-0.2916666666666667,0,0,850855286764187652,JatikaSpeaks,b'@Rschooley Cue Star Wars music. (You know the part where Darth Vadar walks thru the Death Star breathing hard.)'
2017-04-08 23:37:37,0.6,0,0,850855181013200896,AMartinezonYT,"b""I liked a @YouTube video https://t.co/nIioNV9tQv Star Wars Rogue One - Vader's ending scene in Lego"""
2017-04-08 23:37:36,0.0,10,1,850855176395038722,JustJaceYT,b'Editing Star Wars while watching Star Wars #filmmaking https://t.co/IHbRixx6Ki'
2017-04-08 23:37:28,0.0,0,0,850855139841896448,larry_irving,b'Carrie Fisher will appear in \xe2\x80\x9cStar Wars: Episode IX\xe2\x80\x9d without CGI https://t.co/6OaqCpTAMS'
2017-04-08 23:37:18,0.45,0,0,850855099526238208,therealestvibe,"b""Why 'Star Wars' Is One of the Most Important Works of Art in Cinema History https://t.co/7s2mOTz0VP"""
2017-04-08 23:37:01,0.11688311688311688,21,3,850855029699477505,InsideTheMagic,"b'""Star Wars: From a Certain Point of View"" book will collect 40 short stories about ""A New Hope"" background charact https://t.co/I98AH0rVuU'"
2017-04-08 23:37:00,0.0,0,0,850855026071412736,ymehepax,b'star wars padme nude https://t.co/wUCJn7jR2G'
2017-04-08 23:36:59,0.25,0,0,850855019398258689,MobileBliss,b'Star Wars Characters as Pinup Girls are Almost Too Hot https://t.co/Jgt9Da80pi https://t.co/Yv507HPAq6'
2017-04-08 23:36:37,0.3625,0,0,850854929195573250,StarWarsStuffs,b'Star Wars stormtrooper Helmet (full size) - original style wearable Prop Rep... https://t.co/TTa5yQyfEB #StarWars https://t.co/9hzPBAP4ZH'
2017-04-08 23:36:21,0.625,1,0,850854860543152129,MaffManJones,b'My fifth favorite moment in all of Star Wars...keeping it in the Skywalker family!\nhttps://t.co/gtojnLnHK5'
2017-04-08 23:36:17,-0.12179487179487179,1,1,850854845468876800,StarWarsStuffs,b'Star Wars Hasbro 6 inch Black Series Hover Tank Pilot loose https://t.co/Ilv1lMgQ3Y #StarWars https://t.co/gbsxvdqqSF'
2017-04-08 23:36:09,0.0,0,0,850854809607454721,SapnaAuthor,"b""Carrie Fisher Is Definitely Appearing in 'Star Wars: Episode IX,' No CGI Necessary https://t.co/PQ8roawpS6\xe2\x80\xa6 https://t.co/JdJVf35Dgo"""
2017-04-08 23:36:09,0.0,0,0,850854809561202688,koleekatagetasi,"b""Carrie Fisher Is Definitely Appearing in 'Star Wars: Episode IX,' No CGI Necessary https://t.co/q5MePPjD3q\xe2\x80\xa6 https://t.co/7OeZYCnglE"""
2017-04-08 23:36:09,0.0,0,0,850854808927981568,adrijanmoll,"b""Carrie Fisher Is Definitely Appearing in 'Star Wars: Episode IX,' No CGI Necessary https://t.co/ArQIjTUlX3 via\xe2\x80\xa6 https://t.co/cZM6R8vjRu"""
2017-04-08 23:36:08,0.0,0,0,850854807950643200,sunil_guj,"b""Carrie Fisher Is Definitely Appearing in 'Star Wars: Episode IX,' No CGI Necessary https://t.co/54mdC3moAL via\xe2\x80\xa6 https://t.co/5RV0jbfxMu"""
2017-04-08 23:36:08,0.0,0,0,850854807749271552,rafiqulbca,"b""Carrie Fisher Is Definitely Appearing in 'Star Wars: Episode IX,' No CGI Necessary https://t.co/va7baf09wo via\xe2\x80\xa6 https://t.co/dMtMJi1bvD"""
2017-04-08 23:36:08,0.0,0,0,850854807556341760,biraj_das14,"b""#enews24ghanta Carrie Fisher Is Definitely Appearing in 'Star Wars: Episode IX,' No CGI Necessary\xe2\x80\xa6 https://t.co/gAE3zLGljQ"""
2017-04-08 23:36:08,0.0,0,0,850854807145398272,jenatkhan,"b""#enews24ghanta Carrie Fisher Is Definitely Appearing in 'Star Wars: Episode IX,' No CGI Necessary\xe2\x80\xa6 https://t.co/SRc7qHb0O0"""
2017-04-08 23:36:08,0.0,0,0,850854806784622592,RekhaParbin,"b""Carrie Fisher Is Definitely Appearing in 'Star Wars: Episode IX,' No CGI Necessary https://t.co/NjtGlAIUmN Via\xe2\x80\xa6 https://t.co/AxZKKVPWu0"""
2017-04-08 23:36:08,0.0,0,0,850854805979381760,jesmina_sultana,"b""Carrie Fisher Is Definitely Appearing in 'Star Wars: Episode IX,' No CGI Necessary https://t.co/uoVTIR0uVk via\xe2\x80\xa6 https://t.co/QLW1gFFZxJ"""
2017-04-08 23:36:08,0.0,0,0,850854804762968064,ParonLagbo,"b""Carrie Fisher Is Definitely Appearing in 'Star Wars: Episode IX,' No CGI Necessary https://t.co/6KY5Vhn5Xm Via\xe2\x80\xa6 https://t.co/RxK8JbYYcg"""
2017-04-08 23:36:07,0.0,0,0,850854802158268416,GogsJansin,"b""#enews24ghanta Carrie Fisher Is Definitely Appearing in 'Star Wars: Episode IX,' No CGI Necessary\xe2\x80\xa6 https://t.co/6B5feuIwOU"""
2017-04-08 23:36:07,0.0,0,0,850854801613115392,abirsultana1,"b""Carrie Fisher Is Definitely Appearing in 'Star Wars: Episode IX,' No CGI Necessary https://t.co/YZiLiN8wAY via\xe2\x80\xa6 https://t.co/uJBIoJFLmt"""
2017-04-08 23:36:07,0.0,0,0,850854801038426112,linagraph1,"b""Carrie Fisher Is Definitely Appearing in 'Star Wars: Episode IX,' No CGI Necessary https://t.co/R5E3MLtER7 via\xe2\x80\xa6 https://t.co/9uX8bNeUa3"""
2017-04-08 23:36:07,0.13636363636363635,1,1,850854800292024324,rogueitems,"b'Vintage Mpc Star Wars Model Kits, C-3po &amp; R2-d2, New In Box. 1977 https://t.co/lRtfpFdkBN USD40.0 #StarWars https://t.co/n9m6956Dvn'"
2017-04-08 23:36:07,0.0,0,0,850854799868182529,premikapathak,"b""Carrie Fisher Is Definitely Appearing in 'Star Wars: Episode IX,' No CGI Necessary https://t.co/aGyTg2bHcR\xe2\x80\xa6 https://t.co/amOVEjCflX"""
2017-04-08 23:36:07,0.0,0,0,850854799755010048,anjumoni_bora,"b""Carrie Fisher Is Definitely Appearing in 'Star Wars: Episode IX,' No CGI Necessary https://t.co/E00x0LfyQD Via\xe2\x80\xa6 https://t.co/fy6gUepnuM"""
2017-04-08 23:36:06,0.0,0,0,850854799276781569,patrick_rofe,"b""Carrie Fisher Is Definitely Appearing in 'Star Wars: Episode IX,' No CGI Necessary https://t.co/CCx7TMpD52 Via\xe2\x80\xa6 https://t.co/nd4eRBmWCO"""
2017-04-08 23:36:06,0.0,1,0,850854797918031877,cvillalobos702,b'This is why lord of the rings and Star Wars is wayyyyy cooler than Harry Potter https://t.co/Snap3J3uoF'
2017-04-08 23:36:05,0.0,0,0,850854793996156929,raimabaspor,"b""Carrie Fisher Is Definitely Appearing in 'Star Wars: Episode IX,' No CGI Necessary https://t.co/aEZeEjnW1y Via\xe2\x80\xa6 https://t.co/MVMdf2UOuN"""
2017-04-08 23:36:05,0.0,0,0,850854793459286017,parimapathak1,"b""Carrie Fisher Is Definitely Appearing in 'Star Wars: Episode IX,' No CGI Necessary https://t.co/XhKqaiq2jG via\xe2\x80\xa6 https://t.co/IN8bXWxmWx"""
2017-04-08 23:36:05,0.0,0,0,850854792716996609,djensto_longe,"b""Carrie Fisher Is Definitely Appearing in 'Star Wars: Episode IX,' No CGI Necessary https://t.co/hbtplNKcpz Via\xe2\x80\xa6 https://t.co/8bCQvm8D5r"""
2017-04-08 23:36:05,0.0,0,0,850854792700219393,yelin_shaon,"b""Carrie Fisher Is Definitely Appearing in 'Star Wars: Episode IX,' No CGI Necessary https://t.co/r6o1AW06R0 Via\xe2\x80\xa6 https://t.co/OUgikp6GzK"""
2017-04-08 23:36:04,0.0,0,0,850854789495701504,BarirahAreej,"b""Carrie Fisher Is Definitely Appearing in 'Star Wars: Episode IX,' No CGI Necessary https://t.co/8SIEv2ii9i Via\xe2\x80\xa6 https://t.co/4V4CCGniIL"""
2017-04-08 23:36:04,0.55,0,0,850854787591680001,tevya_smolka,"b""I liked a @YouTube video from @stupendouswave https://t.co/mmFI5og9cW Why Most Jedi Didn't Sense Order 66 - Star Wars Explained"""
2017-04-08 23:36:04,0.0,0,0,850854787138670592,podDVRstreams,"b""Star Wars Stacks 54: Aftermath: Empire's End\nThe Star Wars Stacks\n\n#HOBBIES\nhttps://t.co/dvShOK8d4D https://t.co/KdpULd3oex"""
2017-04-08 23:36:02,0.4375,0,0,850854779513446403,flwems,"b""We're in the home stretch now. What are you most excited to see at @SW_Celebration?... https://t.co/SIA7qgI7XO by\xe2\x80\xa6 https://t.co/aAi9nLSb7l"""
2017-04-08 23:35:43,0.475,0,0,850854701440651267,stevenzobel,b'I liked a @YouTube video https://t.co/UVgWfnWOCW Star Wars Rogue One ALL Easter Eggs &amp; References (FULL MOVIE)'
2017-04-08 23:35:41,0.0,0,0,850854691617464320,FremenDar,"b""@RealFPJr No because I'm not a Star Wars Fanboy."""
2017-04-08 23:35:33,-0.16666666666666666,0,0,850854660529369089,arabtv6,b'Stormtrooper HELMET 1:1 Scaled replica Wearable Star Wars The Black Series Imperial\xe2\x80\xa6 https://t.co/4FB3S8Bquv https://t.co/6gGdtGEZkc'
2017-04-08 23:35:22,0.5,1,0,850854613234397184,P_S_Brooks,"b""@Bridget_Whiting Indeed! Who knows where an airship of penguins could be heading :) Hope you're doing well - not lo\xe2\x80\xa6 https://t.co/xcHXzDeYHp"""
2017-04-08 23:35:22,0.7,0,1,850854611762241536,StickUpGraphix,"b'Star Wars Decal , Choose Wisely , Car Decal , Yeti Decal , Ram by StickUpGraphix  https://t.co/GFDX7GlOhE via @Etsy'"
2017-04-08 23:35:14,0.0,0,0,850854581072404480,aliyana32622122,"b""#enews24ghanta Carrie Fisher Is Definitely Appearing in 'Star Wars: Episode IX,' No CGI Necessary\xe2\x80\xa6 https://t.co/sbX7NGyryi"""
2017-04-08 23:35:13,0.0,0,0,850854576370589696,Mandi_Ottoson,b'#StarWars star wars vintage Dagobah Play Set https://t.co/Whznw3avXb #Episode https://t.co/NMcxnZelwd'
2017-04-08 23:35:13,0.0,0,0,850854575506571265,Sane_Kale,"b""Carrie Fisher Is Definitely Appearing in 'Star Wars: Episode IX,' No CGI Necessary https://t.co/Dd6wm9k0Nd via\xe2\x80\xa6 https://t.co/BDVe9DG9NU"""
2017-04-08 23:35:12,0.0,0,0,850854572696285184,yokinsuhango,"b""#enews24ghanta Carrie Fisher Is Definitely Appearing in 'Star Wars: Episode IX,' No CGI Necessary\xe2\x80\xa6 https://t.co/prOb9bKRve"""
2017-04-08 23:35:11,0.0,0,0,850854565243002880,elenaella1411,"b""Carrie Fisher Is Definitely Appearing in 'Star Wars: Episode IX,' No CGI Necessary https://t.co/AMt0U5ml7h Via\xe2\x80\xa6 https://t.co/jzm1nk5B5M"""
2017-04-08 23:35:03,0.0,6,0,850854533156794369,cxrktree,b'the funniest part of 13rw was hannah calling anyone who knew basic information about the star wars franchise a nerd'
2017-04-08 23:34:59,0.0,0,0,850854517105057792,GamingDealsNow,b'#Gaming Lego Star Wars: The Force Awakens Trailer \xe2\x80\x93 E3 2016 https://t.co/pjVqzxTMBa'
2017-04-08 23:34:56,-0.625,1,0,850854503557603329,Thunderflare59,"b'@Communism_Kills @thachampagne Lord of the Rings, Game of Thrones, Star Wars!  Just pick one already!'"
2017-04-08 23:34:54,-0.1,1,0,850854497542975488,oneshotfinch,b'@Urigamii Star Wars being the only sci fi property that mainstream cares about annoys the shit outta me'
2017-04-08 23:34:53,0.0,0,0,850854491582869505,Toutmoinscher,"b'Coque Samsung Galaxy S6 Star Wars - - BB8 B - https://t.co/u3Bl4bILrT https://t.co/4MvV6OjJ8e 9,00 \xe2\x82\xac Livraison gratuite'"
2017-04-08 23:34:40,0.0,0,0,850854437283180544,KayceeACool,"b""Carrie Fisher to Appear in 'Star Wars: Episode IX,' Brother Confirms https://t.co/k4OBhfmQhm"""
2017-04-08 23:34:22,0.0,0,0,850854361605570560,FawnNeun,"b""Carrie Fisher footage approved for 'Star Wars Episode IX' https://t.co/l3lQhNwCUe"""
2017-04-08 23:34:06,0.0,0,0,850854292634431488,NarrendraM,"b'Carrie Fisher will return to the screen in \xe2\x80\x9cStar Wars: Episode IX\xe2\x80\x9d without CGI, her brother confirms\xe2\x80\xa6 https://t.co/mLQdVwT7jm'"
2017-04-08 23:34:00,0.0,0,2,850854267770593280,StickUpGraphix,"b'Jedi Order Vinyl Decal Sticker, Star Wars Inspired, Laptop, Ta by StickUpGraphix  https://t.co/xdNefdlTPS via @Etsy'"
2017-04-08 23:33:59,0.0,0,0,850854265899954177,RyDPom,"b""Star Wars Releases 'Rogue One' Easter Egg Videos https://t.co/0ZxaksdTYL"""
2017-04-08 23:33:58,0.15,0,0,850854262385123330,DarthKiko69,b'I liked a @YouTube video from @schmoesknow https://t.co/APTxKR8O5a FILM NEGATIVE - WHAT THE STAR WARS SEQUELS CAN LEARN FROM THE'
2017-04-08 23:33:47,0.0,0,2,850854212430958592,StickUpGraphix,"b'Star Wars Rebel Alliance Vinyl Decal Sticker, Laptop, Tablet,  by StickUpGraphix  https://t.co/y8I32dlP9n via @Etsy'"
2017-04-08 23:33:22,0.0,0,2,850854108718403584,StickUpGraphix,"b'Star Wars Rogue One Vinyl Decal Sticker, Star Wars Inspired, F by StickUpGraphix  https://t.co/e6iINTXrdg via @Etsy'"
2017-04-08 23:33:09,0.0,0,0,850854054917881856,RateHowIrate,b'@Asher_Wolf Cosplaying as the Emperor from Star Wars.'
2017-04-08 23:33:03,0.0,214,116,850854031518040064,CBSNews,"b'Carrie Fisher will return to the screen in \xe2\x80\x9cStar Wars: Episode IX\xe2\x80\x9d without CGI, her brother confirms\xe2\x80\xa6 https://t.co/JqnKbYANZ9'"
2017-04-08 23:32:35,0.24,0,0,850853911518773248,DatBawse,"b'@Calum_C It was good, IMO not on the same level as a regular Star Wars movie, but a solid show. enjoyed it.'"
2017-04-08 23:32:17,0.008333333333333331,0,0,850853837631963136,KasestWestest,"b""@WilderWest11 @Me Also it's actually funny when it tries to be, and not corny like every other Star Wars."""
2017-04-08 23:32:13,0.11818181818181818,0,0,850853819609042944,Mandi_Ottoson,b'#StarWars Kenner Star Wars The Power of the Force: Boba Fett Action Figure NEW https://t.co/INKJyTSGXw #Buzz https://t.co/KVgGZh1bkJ'
2017-04-08 23:31:42,0.0,1,0,850853691041103872,mrsblandish,"b""Hmmm. I feel like he shouldn't have said this... but who knows. https://t.co/2bMXZdevLN"""
2017-04-08 23:31:37,0.0,0,1,850853669356679172,socialboil,b'Fastest Way To $500 A Day click https://t.co/mE5diPjV58 Carrie Fisher will appear as L... https://t.co/jSM7Pg9qLW https://t.co/8oAHCjVkHq'
2017-04-08 23:31:35,0.0,0,0,850853660997304320,roadsofar67,b'Jedi Master CLINT EASTWOOD Bust Statue Star Wars https://t.co/qugK5LSQIK via @Etsy'
2017-04-08 23:31:35,0.575,0,0,850853660229861376,Onbach74,"b""Watching Star Wars Rogue One it's a great movie and a must see for every true StarWars fan."""
2017-04-08 23:31:30,-0.06666666666666665,0,0,850853640206249984,AtlanticSC,b'.@CosmicToysCA any details on when the 40th Anniversary Star Wars Black Series will be available? I have yet to see any in stores :( Thanks!'
2017-04-08 23:31:20,0.0,4,0,850853599429013504,abbymuniz_,b'If you have Star Wars stickers on your car and go to Fresno State please hmu buddy #FiveLittleBirdiesMakeAWish'
2017-04-08 23:31:08,0.0,0,0,850853548820660225,ofertazon_vdj,b'Disney Infinity 3.0 - Star Wars: Play Set: Episodi... [Wii U] por: 9.16\xe2\x82\xac. Baja un: 24% - https://t.co/1dsTOeUuzM https://t.co/wdE6xIyxij'
2017-04-08 23:31:06,0.35,1,1,850853539869999105,Jimmie_Ramseyer,b'#DarthVader Hasbro Star Wars DARTH VADER Electronic Voice Change FULL Helmet TOYSRUS NEW2010 https://t.co/lyWA2omT7Z #StarWars'
2017-04-08 23:31:04,0.13636363636363635,0,0,850853531452153858,realbensamsone,"b'Just watched Star Wars: Episode IV - A New Hope, Cringe. 2/5'"
2017-04-08 23:31:03,-0.20000000000000004,13,4,850853524942577669,reylukeanakins,"b""why does the Star Wars fandom romantically ship shit like: Cassian/Poe or Bodhi/Finn y'all fucking weirdoes there's a whole generation gap"""
2017-04-08 23:31:02,0.0,0,0,850853521083830280,CPA_King,"b""Carrie Fisher Will Somehow Still Star In 'Star Wars: Episode IX'... https://t.co/9Rx3ekjT4m"""
2017-04-08 23:30:51,0.0,0,0,850853476166979584,newsonline24_7,"b""Carrie Fisher Will Somehow Still Star In 'Star Wars: Episode IX' - https://t.co/vp9F9fqE75"""
2017-04-08 23:30:39,0.0,0,0,850853425768128512,Sentionaut_Plus,b'@MorbidBeard I dig that the space whale reminds me of both Dune and Star Wars.'
2017-04-08 23:30:30,0.0,0,0,850853388132786177,NacimUL,b'Star wars https://t.co/Im8v103VXn'
2017-04-08 23:30:20,0.0,0,0,850853344612450305,Northofsevn,"b""Carrie Fisher to appear in 'Star Wars: Episode IX,' her brother says https://t.co/vV7oKP3ZFl"""
2017-04-08 23:30:18,0.78125,0,0,850853337645723648,MetalAna666,b'\xf0\x9f\xa4\xa3\xf0\x9f\x98\x82 I love Geoff Tate!!\nstar wars story https://t.co/ZEL5kLb06U'
2017-04-08 23:30:15,0.0,0,0,850853325234995200,flashnewsportal,b'Trending Worldwide Carrie Fisher will appear in Star Wars: Episode IX https://t.co/SR5XltmPRC'
2017-04-08 23:30:11,0.0,0,0,850853306507304960,HolyMasterJ,b'Star Wars Darth Vader Camera Bag #DarthVader #StarWars #CameraBag #ForSale #Camera #Bag #eBay https://t.co/FbaHGYXEpP'
2017-04-08 23:30:07,0.0,0,0,850853292376829954,KnowYourLeakGuy,b'Star Wars The Last Jedi Connection To Rogue One Revealed! (pls RT\xe2\x86\xba\xe2\x9d\xa4\xef\xb8\x8f) \xef\xb8\x8f\xef\xb8\x8f https://t.co/t5pMelavKY #starwarsthelastjedip'
2017-04-08 23:30:04,0.425,1,1,850853279210901505,BrocksBazaar,"b'Timothy Zahn on His Novel Thrawn, How to Pronounce the Grand Admirals Full Name, and ... https://t.co/1wwwDW0inR https://t.co/L7rAWANt7f'"
2017-04-08 23:30:02,0.1,0,0,850853270679670784,swcutscenes,"b'Set in The Old Republic (25,000 BBY - 1,000 BBY) era #StarWars: #KnightsoftheOldRepublic II: The #Sith Lords #cut... https://t.co/6j3bFjpQnv'"
2017-04-08 23:29:52,0.0,0,0,850853228413636608,Jrodbad,"b""@strahinjagov I'd collect that. Then again, I want all the Star Wars comics."""
2017-04-08 23:29:44,-0.15,0,0,850853193944887296,trayNTP,b'\xe2\x80\x98#StarWars: Episode 8\xe2\x80\x99 Rumor: Does \xe2\x80\x9cDJ\xe2\x80\x9d stand for \xe2\x80\x9cDark Jedi\xe2\x80\x9d? #TheLastJedi https://t.co/NKdqVQpfVh'
2017-04-08 23:29:37,0.0,0,0,850853166455414784,tomika1221,b'Star Wars\xe2\x84\xa2: Galaxy of Heroes by Electronic Arts https://t.co/4Hff8EMqZC'
2017-04-08 23:29:36,0.5625,2,0,850853162294558721,EditorBrooke,"b'Urgent care doctor: ""Oooo, I love your neon orange Converse.""\nMe: ""I love YOUR Star Wars socks!""\n#newbestfriends'"
2017-04-08 23:29:17,0.0,0,0,850853080174403584,UnitedF49569558,b'@StupendousWave What would you like a fourth Star Wars trilogy to be about?'
2017-04-08 23:29:10,0.5,0,0,850853050789003264,damerouns,b'i need more star wars mutuals on my tl'
2017-04-08 23:29:05,-0.08333333333333333,0,0,850853031881134080,Behzadon,b'Carrie Fisher will appear in the final Star Wars movie \xe2\x80\x93 two and a half years after her death\xe2\x80\xa6 https://t.co/2nNfJq0dSM'
2017-04-08 23:29:03,0.10000000000000003,3,0,850853025145114625,tomhoIIand,"b'i just went to moulin rouge secret cinema tonight which was fuckin amazing, and going to a star wars exhibition tomorrow. what a gd weekend'"
2017-04-08 23:28:57,0.0,2,0,850852996854542336,wgtc_site,"b'Rogue One: A Star Wars Story ""Binding the Galaxy, Pt. 1"" Featurette [HD] Felicity Jones, Riz Ahmed: https://t.co/49vLQGRzA4 via'"
2017-04-08 23:28:51,0.0,4,1,850852972087173120,wgtc_site,"b'Rogue One: A Star Wars Story ""Binding the Galaxy, Pt. 2"" Featurette [HD] Felicity Jones, Riz Ahmed: https://t.co/f7wzoTxLBn via'"
2017-04-08 23:28:50,0.0,0,1,850852968249180160,9thChamber,"b""Carrie Fisher Will Reportedly Appear in 'Star Wars: Episode IX' https://t.co/vQDohFsuvz https://t.co/7vW2ttqJdz"""
2017-04-08 23:28:49,1.0,0,0,850852964596158464,Milehightoyguy,b'Bought this beautiful art print! Best of both worlds DC and Star Wars! #Harleyquinn #dc #starwars'
2017-04-08 23:28:43,1.0,0,0,850852940566773760,Lou_cyndi36,"b'I just entered @AlertBot\'s contest to win a @RokuPlayer Stick + @STARWARS ""Rogue One"" Prize Pack! https://t.co/o1zHcuzoxG #RogueOne'"
2017-04-08 23:28:42,0.0,1,0,850852937244987392,sandro_atillano,b'Me after watching star wars:Rogue one. Even in my back @DenzelAbarca \xf0\x9f\x98\x82 https://t.co/27uDOnokSl'
2017-04-08 23:28:39,0.0,2,1,850852921898135552,StarWars_Store,b'Star Wars 17-Inch Plush @Yoda Santa Hat with Bendable Ears https://t.co/S0NTv9BCiD #StarWars #Christmas #Yoda https://t.co/nCTAQLjk3N'
2017-04-08 23:28:37,0.25,0,0,850852915002695681,StarWarsStuffs,b'Hot Toys MMS337 Star Wars Force Awakens Rey &amp; BB8 Scarf Hea... https://t.co/g51lCS9RYt #StarWars #TheForceAwakens https://t.co/EsCYwhyK8F'
2017-04-08 23:28:30,0.0,0,0,850852886351368192,Shannon091171,b'Bohemian Rhapsody: Star Wars Edition https://t.co/AOJbLiGqsQ'
2017-04-08 23:28:22,0.4375,0,0,850852849877741569,thelmasmith549,"b""We're in the home stretch now. What are you most excited to see at @SW_Celebration?... https://t.co/c0DRQQ0hCO by\xe2\x80\xa6 https://t.co/oZWknsRtSE"""
2017-04-08 23:28:09,0.0,1,0,850852797541208064,bexon88,b'@GengarFantasma Star wars gran saga'
2017-04-08 23:27:47,0.0,0,0,850852702825402374,jamesveliz,b'I added a video to a @YouTube playlist https://t.co/SZ5y3p7dHc Star Wars The Clone Wars - Captain Rex Tribute'
2017-04-08 23:27:42,0.0,0,0,850852681505579008,t_ryan_arnold,b'@JillPantozzi Gotta get @DaBeeb that jumper for the @DASBUNKER Star Wars party.'
2017-04-08 23:27:39,0.0,0,0,850852672739700737,_jaxx__,b'someone have an all day star wars movie marathon with me'
2017-04-08 23:27:26,0.1708333333333333,0,0,850852616905129985,mewmewTDM,b'I liked a @YouTube video from @aaronesser https://t.co/RwMrQXHom7 Nerf meets Star Wars: Gun Game (First Person in 4K!)'
2017-04-08 23:27:24,0.0,0,0,850852607098847233,espinosasfun,b'star wars https://t.co/lcWkHQkHzC'
2017-04-08 23:27:17,-0.15555555555555559,0,0,850852578917318656,StarWarsStuffs,b'Marvel Star Wars Vader Down Issue 1 Variant Edition Cover https://t.co/jElCpwiD70 #starwars https://t.co/Vg8F7mMrcO'
2017-04-08 23:26:48,0.0,0,0,850852457651478528,kayenavarro_,b'Star Wars &gt;&gt;&gt;&gt;&gt;&gt;&gt; https://t.co/dBrgglUlxY'
2017-04-08 23:26:38,0.13636363636363635,0,0,850852415783960576,pmpr2000,b'Lego star wars ps4 live: https://t.co/HsJrXeH41P via @YouTube'
2017-04-08 23:26:33,0.4602272727272727,0,0,850852392430120960,stevenzobel,b'I liked a @YouTube video from @gameverb https://t.co/FyZUaG9Ubn Star Wars Rebels Season 4 - AHSOKA TEASES! New Evidence of Her Return!'
2017-04-08 23:26:25,0.0,0,0,850852360469479424,RyanGar83477087,"b""@RealLordFrieza hey why don't you do a let's play for Star Wars the force unleashed 2on your YouTube channel"""
2017-04-08 23:26:18,0.0,1,0,850852333080727553,Katluv0428,b'Check out \xe2\xad\x90NEW\xe2\xad\x90Crocs Crocband Star Wars Episode VII Kylo Ren Charcoal Clog Size: 2 Junior #Crocs https://t.co/XKERGrVMWT via @eBay'
2017-04-08 23:26:09,0.16666666666666666,1,0,850852292685426688,KingsleyNewz,b'The 5 Main Changes Needed for Star Wars Battlefront II https://t.co/TRUqHo089V #xbox #ps4 https://t.co/VNlERKhfJq'
2017-04-08 23:25:57,0.0,0,0,850852243708542976,womble1979,b'I just watched Rogue One: A Star Wars Story (2016) https://t.co/8lvKshwV9P #RogueOne #trakt'
2017-04-08 23:25:47,1.0,0,0,850852201639563264,JarvisKilpatri1,"b'I just entered @AlertBot\'s contest to win a @RokuPlayer Stick + @STARWARS ""Rogue One"" Prize Pack! https://t.co/be3Wc5xWlM #RogueOne'"
2017-04-08 23:25:40,0.2857142857142857,2,0,850852171465621504,anthony_difalco,"b""@That1TalllGirl I'm literally watching Star Wars episode 4 on VHS cassette right now"""
2017-04-08 23:25:39,0.6,1,0,850852169125429249,lukemaynard,"b'@paulandstorm @wilw @Lin_Manuel The more of @wilw\'s great work I discover, the more I see him as ""the ST:tNG kid"" t\xe2\x80\xa6 https://t.co/jUX9twU6ps'"
2017-04-08 23:25:39,0.3,0,0,850852167313444864,lovelysugaa,b'i love star wars so much wow'
2017-04-08 23:25:34,-0.15,0,0,850852145410846720,skhiwauk,b'The late Carrie Fisher will appear in the final Star Wars movie https://t.co/SydXVvGrrG'
2017-04-08 23:25:22,0.0,0,0,850852094416478210,StarWarsCommand,"b""How Todd Fisher is honoring Debbie Reynolds' and sister Carrie's legacy https://t.co/0mhxL6LVTs"""
2017-04-08 23:25:16,0.66328125,6,0,850852070538305536,leathrjackt,b'these kids im babysitting are cool as hell they like star wars + they have cute ass dogs!!!'
2017-04-08 23:25:13,0.16666666666666666,0,0,850852058458722306,FT5GGamingNews,b'The 5 Main Changes Needed for Star Wars Battlefront II https://t.co/J9uJOE9WIY #N4G'
2017-04-08 23:25:09,-0.7,1,0,850852043153604608,finncree,b'I literally got into Star Wars because of Thrawn no one is allowed to do my blueberry cake ugly like this'
2017-04-08 23:25:07,0.16666666666666666,2,1,850852033267732480,ajl227,b'Star Wars Episode IX: Return Of The Super Weapon Strikes Back [Trailer 1] December 2019 https://t.co/zCm3kJyEhh'
2017-04-08 23:25:05,0.25,0,0,850852024350584832,f_laion,b'Mark your calendars!\n\nYour first look at StarWars Battlefront II is coming April 15 at... https://t.co/IzrUVsOP0E b\xe2\x80\xa6 https://t.co/hsHpeTNiM0'
2017-04-08 23:24:59,0.3333333333333333,6,1,850852001797853185,PopVoxCulture,"b'@JorgeZavala @StarWarsTime @philthecool @DavidWCollins I think this is a tremendously well researched piece, and ex\xe2\x80\xa6 https://t.co/jYlHgRN7PU'"
2017-04-08 23:24:55,0.0,1,0,850851984336982016,DeviousSon,b'I like yours too. You like Star Wars? {He asked and pushed an extra car towards her}'
2017-04-08 23:24:46,0.375,1,1,850851944344276992,DaveDsnorris,"b""Gotta thank @johntylerchris and #CBCS for these beauties - pretty sure I've got all your Star Wars variants - order\xe2\x80\xa6 https://t.co/jvfyRIArOZ"""
2017-04-08 23:24:22,-0.3,0,0,850851843072708608,WinterTrooper,b'FILM NEGATIVE - WHAT THE STAR WARS SEQUELS CAN LEARN FROM THE PREQUELS https://t.co/gKa4bLZEe1'
2017-04-08 23:24:17,0.0,0,0,850851823082778631,SaraTizzle,b'I want a nap and I want to watch watch Star Wars.'
2017-04-08 23:24:14,-0.08333333333333333,0,0,850851811158360064,dak2zeke,"b'RT TheSun ""Carrie Fisher will appear in the final Star Wars movie \xe2\x80\x93 two and a half years after her death\xe2\x80\xa6 https://t.co/eFJ83Gr6Ub""'"
2017-04-08 23:23:59,0.1,0,0,850851747585286146,bypotylymote,b'star wars vintage action figures book https://t.co/p4CP0HKAcr'
2017-04-08 23:23:54,0.0,0,0,850851726655504384,Starwars_mob,b'How well do you know Star Wars: The Force Awakens? #starwarsmob'
2017-04-08 23:23:53,0.3125,0,0,850851723136516096,Jawsfan0519,b'https://t.co/rjCGZTW6Xr Really!?!'
2017-04-08 23:23:37,0.15,0,0,850851656736657408,WinterTrooper,b'I liked a @YouTube video from @schmoesknow https://t.co/p8Kn4EqqFw FILM NEGATIVE - WHAT THE STAR WARS SEQUELS CAN LEARN FROM THE'
2017-04-08 23:23:17,0.5,0,0,850851570778374144,BuyGamesCheap,b'Star Wars (Nintendo Gameboy 1992) COLOR GBA SP ADVANCE - TESTED - FREE SHIPPING! https://t.co/MjeyYfFu4E https://t.co/s0RdnAKgTi'
2017-04-08 23:22:50,0.375,1,0,850851458799022080,JLOStamps,b'Check out Planets and galaxies spray paint original Painting Star Trek Star Wars 16x20  https://t.co/KQiSCYI2Aw via @eBay'
2017-04-08 23:22:48,0.26785714285714285,0,0,850851452503420928,TheForceWorld,b'Like and share this pure awesomeness!\n\nAre you Star Wars fan? Visit us: https://t.co/in4hMM496w\n\n#sith ... https://t.co/EEbZlAJTco'
2017-04-08 23:22:47,0.0,7,2,850851444819468290,MIKEZEROH1,b'Star Wars The Last Jedi Connection To Rogue One Revealed! https://t.co/k8qQuthpsz via @YouTube'
2017-04-08 23:22:40,0.0,0,0,850851416776347648,mrgiftsonline,b'\xe2\x80\xa2\xef\xbc\xb3\xef\xbc\xb4\xef\xbc\xa1\xef\xbc\xb2 \xef\xbc\xb7\xef\xbc\xa1\xef\xbc\xb2\xef\xbc\xb3\xe2\x80\xa2 ARTWORK. #maytheforcebewithyou #darthvader #stormtrooper #starwars #art\xe2\x80\xa6 https://t.co/Lqbc934Cdg'
2017-04-08 23:22:32,0.0,1,0,850851382064185345,eatingPWMalive,"b""Getting hyped for @piccolomaine's annual Star Wars dinner next month \xf0\x9f\x98\x8d A meal to tide me over in\xe2\x80\xa6 https://t.co/XhPVnh5Dlg"""
2017-04-08 23:22:31,0.0,0,0,850851377186209792,thecaptmorgun,b'Check out Star Wars: The Clone Wars Widescreen Edition #StarWars https://t.co/pHJ3jdrp8E via @eBay'
2017-04-08 23:22:29,0.16666666666666666,0,0,850851372744527873,games_24_365,b'The 5 Main Changes Needed for Star Wars Battlefront II: https://t.co/vX98tNLhXe: https://t.co/Vqs8J3CT3E'
2017-04-08 23:22:26,0.0,0,0,850851356734873600,TheWolfenbach,"b'Had to visit the local Star Wars &amp; Scifi con this year, not the biggest con i have been to, but hopefully it will g\xe2\x80\xa6 https://t.co/UEWinZvz57'"
2017-04-08 23:22:22,0.0,1,0,850851341387911168,DrakoonLP,b'Ich mag das @YouTube-Video: https://t.co/xeHGalFPnj Star Wars Imperial March on Tesla Coils - ArcAttack at MakerFaire 2013'
2017-04-08 23:22:21,0.0,0,0,850851335838638080,JeanieMc2,b'STAR WARS X-Wing Fighter Dog Toy    \n Check this out&gt;&gt;&gt;&gt;&gt;&gt;&gt;   https://t.co/GnE6Uo8Kj2 https://t.co/TljSoMrkNk'
2017-04-08 23:22:01,0.0,2,0,850851254456786944,Ant_Writer,"b""Star Wars, Episode VIII fan theory on Snoke's identity https://t.co/tUJQb8cEB7 #Episode8 #Snoke https://t.co/CqPZBcpJp4"""
2017-04-08 23:22:01,-0.08333333333333333,26,16,850851253462732802,TheSun,b'Carrie Fisher will appear in the final Star Wars movie \xe2\x80\x93 two and a half years after her death\xe2\x80\xa6 https://t.co/R2f0LRonPV'
2017-04-08 23:21:57,0.0,0,0,850851238417584128,_amandatorre,b'nOw tHEYRE PLAYING THE STAR WARS SOUNDTRACK IM'
2017-04-08 23:21:42,-1.0,0,0,850851173598998528,ProSoldierTwit,"b""I added a video to a @YouTube playlist https://t.co/0uB7nt10AC CHICKEN WALKER ASSAULT | Let's play star wars battlefront!!!"""
2017-04-08 23:21:37,0.0,0,1,850851152417742848,ElisRyane1,b'@ProjetoooHelp @onedirection @radiodisney @NiallOfficial @LiamPayne @Louis_Tomlinson @Harry_Styles Star Wars sete\nO\xe2\x80\xa6 https://t.co/cO8vRDsJwi'
2017-04-08 23:21:34,0.0,0,0,850851141155921920,MarcyJMiller,b'@ConservativeLA And multiple times in some of them. https://t.co/PPTQmqvHeq  Even the Star Wars films! We listen fo\xe2\x80\xa6 https://t.co/IvR6P0CT7c'
2017-04-08 23:21:33,0.0,1,0,850851134097035264,lekki_jacob,b'When your a God at star wars battlefront. https://t.co/I7Fqgp68K1'
2017-04-08 23:21:31,0.07323232323232323,1,0,850851126274654209,tpfeifer,"b""The new Star Wars movie is on my TV and I couldn't be any less interested."""
2017-04-08 23:21:26,0.0,0,0,850851106880180225,satjusthere,"b""Fear I've just entered a Star Wars quiz at the pub. Being the biggest fan here pressure is on for the end of the month"""
2017-04-08 23:21:17,0.0,1,0,850851066736463876,ElisRyane1,b'@ProjetoooHelp @onedirection @radiodisney @NiallOfficial @LiamPayne @Louis_Tomlinson @Harry_Styles Star Wars cinco\xe2\x80\xa6 https://t.co/ejFFfhVGXB'
2017-04-08 23:21:02,0.125,0,0,850851007869353988,kookie_kyky,"b""It's funny how now every time I do something as simple as watch Star Wars I immediately start stydia fangirling! \xf0\x9f\x98\x82"""
2017-04-08 23:21:01,0.0,0,1,850851002542682112,ElisRyane1,b'@ProjetoooHelp @onedirection @radiodisney @NiallOfficial @LiamPayne @Louis_Tomlinson @Harry_Styles Star Wars quatro\xe2\x80\xa6 https://t.co/8thk4LWs7R'
2017-04-08 23:21:01,0.0,3,0,850851001087148033,madnesskingdom,"b""Disneyland's Tomorrowland is currently 75% Star Wars: when Star Wars Land opens, are they basically going to retheme it?"""
2017-04-08 23:20:51,0.11666666666666665,7,3,850850957898469376,RamielTHICC,b'Sorry but I could not ignore such a beautiful display of Star Wars referencing https://t.co/O9s6p7UrxS'
2017-04-08 23:20:49,-0.3,0,0,850850952382996481,Mypublicist1,"b""Carrie Fisher's brother says the late actress will appear in Star Wars: Episode IX \xe2\x80\x94 scheduled to premiere in... https://t.co/Q0bthXjXZ6"""
2017-04-08 23:20:45,0.0,0,3,850850932908806144,ElisRyane1,b'@ProjetoooHelp @onedirection @radiodisney @NiallOfficial @LiamPayne @Louis_Tomlinson @Harry_Styles Star Wars tres\nO\xe2\x80\xa6 https://t.co/pRuZgTwE3Z'
2017-04-08 23:20:40,0.0,2,0,850850914244145153,eujanedefloripa,b'#by #instastorie @jmoffettmjm  \xf0\x9f\x92\x99\xf0\x9f\x8c\xbb\xf0\x9f\x94\x9d\xe2\x9d\xa4\xf0\x9f\x92\x8b\nregrann from the_gnome_ranger  -  You can find my Star Wars\xe2\x80\xa6 https://t.co/uHticUCka2'
2017-04-08 23:20:40,0.0,1,0,850850911614148608,swicpodcast,"b'Participate in the ""Star Wars Obscure Character Face-Off Strikes Back"" and get stuff! Friday, 6:00 PM Rebels... https://t.co/Oup1pwGrxV'"
2017-04-08 23:20:37,0.0,0,1,850850899694153728,ElisRyane1,b'@ProjetoooHelp @onedirection @radiodisney @NiallOfficial @LiamPayne @Louis_Tomlinson @Harry_Styles Star Wars dois\nO\xe2\x80\xa6 https://t.co/3yIJGjTj5D'
2017-04-08 23:20:27,0.0,0,0,850850858011111429,ElisRyane1,b'@ProjetoooHelp @onedirection @radiodisney @NiallOfficial @LiamPayne @Louis_Tomlinson @Harry_Styles Star Wars\nONED R\xe2\x80\xa6 https://t.co/urXg7O2j1r'
2017-04-08 23:20:26,0.732421875,49,6,850850854718640128,jensoflossy,b'I saw Star Wars and got so excited!!! https://t.co/dypPcA7sbL'
2017-04-08 23:20:23,0.0,0,0,850850840449560576,dashielldavies,b'Star Wars. https://t.co/e7M7mw7OxH'
2017-04-08 23:20:01,0.0,0,1,850850748695015424,dashielldavies,b'Star Wars OT. https://t.co/I6Gc6HVI9L'
2017-04-08 23:19:39,0.0,0,0,850850657271595009,hot105live,"b""Carrie Fisher will appear as Leia in final 'Star Wars' movie - CNET https://t.co/vYOpdyuYmu https://t.co/GfFcUAtaCz"""
2017-04-08 23:19:37,-0.16666666666666666,1,0,850850648597741568,TheRealRageBear,b'Lucasfilm Reveals Hidden Star Wars: Rogue One Easter Eggs https://t.co/2Jr98OiGvR #RogueOne https://t.co/9jnV35JIW4'
2017-04-08 23:19:22,0.0,0,0,850850587574980609,RobertERodgers,"b""'Star Wars': Carrie Fisher to Appear in 'Episode IX,' Says Brother Todd Fisher. https://t.co/5RYhefyXFa"""
2017-04-08 23:19:05,0.0,0,0,850850516691243008,R_ht_games,b'Star wars Republic Comamndo - https://t.co/UBChuQ44wj #StarWars #Republic #Comamndo #\xd0\xb8\xd0\xb3\xd1\x80\xd0\xb0 #\xd0\xbe\xd0\xb1\xd0\xb7\xd0\xbe\xd1\x80 #\xd0\xbf\xd0\xb5\xd1\x80\xd1\x81\xd0\xbe\xd0\xbd\xd0\xb0\xd0\xb6 #\xd0\xb2\xd0\xbe\xd0\xb9\xd0\xbd\xd0\xb0 https://t.co/26BQIRH506'
2017-04-08 23:18:53,0.0,0,0,850850463322918913,WeldonFTW,b'And likes Star Wars'
2017-04-08 23:18:41,0.325,2,0,850850413389561856,paucafideliter,b'I went to a Supernatural convention and came home with a super rare Star Wars picture. \n\nUh. Okay?'
2017-04-08 23:18:39,-0.16666666666666666,0,0,850850407589007360,Majuro23,b'Star Wars Episode IX Will Reportedly Feature Previously Shot Footage of Carrie Fisher. https://t.co/e24PDjGnTL'
2017-04-08 23:18:33,0.16666666666666666,0,0,850850379990523905,_XboxInfo,b'The 5 Main Changes Needed for Star Wars Battlefront II https://t.co/J7dnkA3dl8 https://t.co/BKxJakuWp6'
2017-04-08 23:18:31,-0.05,14,0,850850371182501888,e_lizbiz,"b""V torn on a final paper thesis bc I'm not sure if my prof will appreciate my extensive metaphor of Chinese religious traditions to Star Wars"""
2017-04-08 23:18:21,0.08,0,0,850850331043016704,starronice,b'Viktor is actually a high key Star Wars nerd and tried to skate to the imperial march but yakov said no'
2017-04-08 23:18:21,0.2,0,0,850850328534814720,GeostompX,b'@nytopinion Meaning that he gets to star all the profitable wars he wants and will get cheered for it by the gullib\xe2\x80\xa6 https://t.co/mKnDlmr3Ox'
2017-04-08 23:18:15,-0.6666666666666666,20,3,850850303821967360,JamieMoranUK,b'Star Wars Battlefront 2\n\n4K 6FPS may not be impossible on Scorpio after all.\n\nBring on April 15\n\n#ProjectScorpio https://t.co/zkoR7YOIoQ'
2017-04-08 23:18:07,0.13636363636363635,0,0,850850270456160256,StarWarsWorld12,b'New Star Wars Movie Targets Dwayne Johnson and Rosario Dawson? - MovieWeb https://t.co/ytyHIlr9bY'
2017-04-08 23:18:04,0.1,0,1,850850261266386944,Mandi_Ottoson,b'#StarWars 1978 STAR WARS WALRUS MAN KENNER ACTION FIGURE GMFGI HONG KONG https://t.co/Uf7CIG94In #Episode https://t.co/ITHA6XAOiv'
2017-04-08 23:17:56,0.0,0,0,850850226973720576,sw_ebooks,b'Star Wars was a mistake'
2017-04-08 23:17:51,0.3681818181818182,2,0,850850205385621504,LifeWthnThePgs,b'New Star Wars Book Will Celebrate The 40th Anniversary Of The Films With 40 Amazing - https://t.co/5vdvdnA1jz'
2017-04-08 23:17:49,0.0,3,0,850850195944374278,bnystedt,b'I just rolled a Triumph and a Despair in our Star Wars RPG on the same roll \xf0\x9f\x98\xb5\xf0\x9f\x99\x83'
2017-04-08 23:17:42,0.0,0,0,850850168513732610,Divatmarkak_HU,b'Star Wars\n\nhttps://t.co/JYLC1KPs3G\n #M\xc3\xa1rk\xc3\xa1k'
2017-04-08 23:17:33,0.85,1,0,850850127392755712,_TheGeoff,"b'@Hawaiianimages @gahlord Nope - must take a look! (But to be fair, even the best sources are mired in conspiracy th\xe2\x80\xa6 https://t.co/8HtU6YY9q2'"
2017-04-08 23:17:18,-0.49375,5,3,850850067019780096,ceMelusine,b'what idiot named it star wars instead of little luke: robe warrior'
2017-04-08 23:17:16,0.13636363636363635,0,0,850850057033105408,TechRambler_,b'New Star Wars Movie Targets Dwayne Johnson and Rosario Dawson? - https://t.co/zPmz3MXLYJ https://t.co/yqLZtfw68h'
2017-04-08 23:17:14,0.18333333333333335,1,0,850850050301239296,smittyhalibut,"b'@hamradio360 Absolutely. I view ep7 as a ""Previously, on Star Wars."" Same story told again, clean the pallet, get ready for more stories.'"
2017-04-08 23:17:11,0.0,1,0,850850037252841472,LifeWthnThePgs,"b""'Star Wars' Anthology Book to Tell Stories of 'Unsung' Characters - https://t.co/hh0gXZxVeM"""
2017-04-08 23:17:09,0.39999999999999997,0,0,850850027207614464,mariadestrella,"b'The Late, Great Carrie Fisher May Appear in Star Wars: Episode 9 - Vanity Fair https://t.co/4vmtsX0Av0'"
2017-04-08 23:17:08,-0.8,0,0,850850022962995200,dvieirar,b'Marquei como visto Star Wars Rebels - 2x18 - The Mystery of Chopper Base https://t.co/kJRz88DQf2 #bancodeseries'
2017-04-08 23:17:01,0.47857142857142854,0,0,850849994387095552,jaimep2013,b'I liked a @YouTube video https://t.co/QLuIkyMWoq Rogue One: A Star Wars Story - Special Featurette | PlayStation Video'
2017-04-08 23:16:21,0.175,0,0,850849828082900992,StarWarsFrames,b'Dress your desk with this cool #HanSolo  frame\nOnly $20 + 20% off with discount code https://t.co/uthtQqop1M'
2017-04-08 23:16:19,0.0,0,0,850849820193554433,GerlieCreations,b'BB-8 Dress Girls Dress Girls BB-8 Dress Star Wars BB-8 https://t.co/6Bwdt84zWP via @Etsy'
2017-04-08 23:16:14,0.0,0,0,850849799444234240,gknmission,"b""Carrie Fisher Is Definitely Appearing in 'Star Wars: Episode IX,' No CGI Necessary https://t.co/WFDP0FYMDh #entertainment"""
2017-04-08 23:16:10,0.30000000000000004,0,0,850849780615979009,ComicsPRSS,b'Who is headed out to Star Wars Celebration in Orlando next weekend?! This should be an amazing time if you can... https://t.co/xlIGAkeSxp'
2017-04-08 23:16:04,0.0,0,0,850849757530664960,MonsterNo5,b'Just Pinned to Film Lover &amp; Geek Gifts: Star Wars: Red 5 Standing By T-Shirt https://t.co/UAB2AwdAJq https://t.co/tU50LtfmF2'
2017-04-08 23:16:00,0.0,3,0,850849739222511616,NienSquad,b'@starwars @SW_Celebration Star Wars Battlefront 2'
2017-04-08 23:15:40,0.5,0,0,850849654254317568,Cbetncourt7,"b'@netflix I looked for ""Rogue One: A Star Wars Story"" and you know what?... I didn\'t find it :)'"
2017-04-08 23:15:35,0.0,1,0,850849634381512704,MsKenyanikkii,b'Star Wars - Imperial march https://t.co/5q4b9HQPab via @YouTube #Thingsmoretrustedthantrump @joyreid @frangeladuo'
2017-04-08 23:15:34,0.0,0,0,850849630011174912,RennyyyRoo,"b""Oh ya know..just sitting at my corporate office job, eating my Star Wars mac&amp;cheese. Because I'm\xe2\x80\xa6 https://t.co/Hr6pxxfmMH"""
2017-04-08 23:15:20,0.0,0,0,850849569760055296,Canoe,"b""Carrie Fisher to appear in 'Star Wars: Episode IX,' her brother says https://t.co/oDiMkm6R28 https://t.co/edg8I49ES9"""
2017-04-08 23:15:20,0.0,0,0,850849569747480581,JamShowbiz,"b""Carrie Fisher to appear in 'Star Wars: Episode IX,' her brother says https://t.co/Wl8BcNZhfg https://t.co/YUpiPxa2BU"""
2017-04-08 23:15:17,0.17045454545454544,0,0,850849558821298176,KrushMatic,"b""\xf0\x9f\x98\x82\xf0\x9f\x98\x82OMG tonight it's on though!! Smoke, wings and new star wars movie! #started #rogueone\xe2\x80\xa6 https://t.co/iRvIVCDeI8"""
2017-04-08 23:15:09,0.0,0,0,850849524746788866,PlayaParts,"b'LEGO ""Star Wars"" collector deal on Amazon: LEGO Star Wars 10225 R2D2 for $419.99 https://t.co/930hggTDTH via @amazon associate'"
2017-04-08 23:15:04,0.25,1,1,850849503334813697,BrewsAndBlaster,b'16 Podcasts Strong-Star Wars &amp; MUCH more daily! Get em all in 1 feed.\niTunes: https://t.co/IOAx855980\nAndroid:\xe2\x80\xa6 https://t.co/IYf9YO63KE'
2017-04-08 23:15:00,0.1,15,5,850849487274647552,ClassicStarWars,"b'Amazon: Trivia from a Galaxy Far, Far Away: Star Wa... by Chris Hothiceplanet for $14.46 https://t.co/n2eGyVyQGz https://t.co/QrIEklM8P1'"
2017-04-08 23:14:58,0.0,5,1,850849479012036608,TheTorontoSun,"b""Carrie Fisher to appear in 'Star Wars: Episode IX,' her brother says \nhttps://t.co/qRbsWdWlex https://t.co/6QHMfQKihH"""
2017-04-08 23:14:50,0.46666666666666673,0,0,850849445616996356,valuabletofind1,b'Star Wars #StarWars Star Trek #StarTrek #fun Great gift list both fun and practical https://t.co/4PvNebIxr8 https://t.co/xsArxuwgis'
2017-04-08 23:14:37,-0.16666666666666666,0,0,850849390113603584,ockfen,b'Star Wars\xc2\xa0Episode IX Will Reportedly Feature Previously Shot Footage of Carrie Fisher https://t.co/M0nMIRrGXA'
2017-04-08 23:14:31,0.0,4,0,850849364641763328,SomeLuckyboy,"b""Star Wars Battlefront - Let's Play Again Star Wars Battlefront again! (XBOX ONE): https://t.co/W0ERHLD9je via @YouTube"""
2017-04-08 23:14:23,-0.8928571428571429,0,0,850849333729677313,SummerBaylesRP,"b""@BalorOfJustice //I was sick when it came out so that's why im watching it now.  But im a Star Wars fan!"""
2017-04-08 23:14:17,-0.5,0,0,850849308530409473,Try2ActNormal,"b""@WhatAboutTob Sorry I don't speak Star Wars"""
2017-04-08 23:14:09,0.0,1,0,850849274665611265,ironbladefury72,b'@Trollzous @zNkt_ why does he remind me of C3PO off Star Wars? \xf0\x9f\x98\x82'
2017-04-08 23:14:09,0.0,0,0,850849274619408384,Dany_dgc,"b'""Rogue One: una historia de Star Wars"" #cine'"
2017-04-08 23:14:07,0.0,0,0,850849266935320576,hocany3,"b""Carrie Fisher Is Definitely Appearing in 'Star Wars: Episode IX,' No CGI Necessary https://t.co/eKFuLxRlcr via #indilens"""
2017-04-08 23:14:06,1.0,0,0,850849261679919104,KasestWestest,"b""IN MY OPINION: Rogue One is the best Star Wars movie because it doesn't feel like a Star Wars movie. @me motherfuckers."""
2017-04-08 23:14:02,0.0,0,0,850849246127542277,RealmBeyondS,b'Official #Disney and #Lego video retells #RogueOne: A #StarWars Story using LEGOs. #SciFi https://t.co/1Y91C0l5SI'
2017-04-08 23:13:51,0.0,0,0,850849199415603202,theluxuriouspet,b'Star Wars Death Star Puzzle  Dog Toy     \nBuy it now &gt;&gt;&gt;&gt;&gt;   https://t.co/ecZSYW6aEJ https://t.co/7ijGFFLbX3'
2017-04-08 23:13:35,0.0,0,0,850849132805857280,dvieirar,b'Marquei como visto Star Wars Rebels - 2x17 - The Forgotten Droid https://t.co/4Ld9L4um7U #bancodeseries'
2017-04-08 23:13:18,0.7000000000000001,0,0,850849058549878785,eqd_ebooks,"b'Drawfriend Stuff #1385 - Sirens are Best Ponies: They were meant to be huge into Star Wars thing, so lets do it today instea...'"
2017-04-08 23:13:04,0.0,0,3,850849002715086848,EmilysFrugalTps,b'ROGUE ONE: A STAR WARS STORY in Theaters Dec 16th https://t.co/b97vsD3yR9'
2017-04-08 23:12:59,0.2545454545454545,0,0,850848979919273985,dancingqueen_71,b'Sometimes I just noticed the same as the best star wars yeet and thus is open until you get to the new car means new.'
2017-04-08 23:12:57,0.15000000000000002,0,0,850848973128650752,Vacasath,"b'@OfTheVast Haha. I just play this, FF Record Keeper, Fire Emblem and sometimes Star Wars GOH to keep myself busy.'"
2017-04-08 23:12:38,0.1787878787878788,0,0,850848892166057985,dak0h,"b'But w/ patience &amp; time, Star Wars has given us two - ALMOST THREE - new movies since ep 3 &amp; they have been BETTER THAN EXPECTED'"
2017-04-08 23:12:29,0.0,0,0,850848855449010176,DlambertPh,b'Star Wars Medley (Violin Cover) - Taylor Davis https://t.co/YNUJBaz47y'
2017-04-08 23:12:24,0.0,0,0,850848833391165441,lambertchan51,b'Star Wars Medley (Violin Cover) - Taylor Davis https://t.co/6IyioNfipU via @YouTube'
2017-04-08 23:12:12,0.0,1,0,850848782069747713,zesty_movies,"b'Carrie Fisher To Appear In \xe2\x80\x98Star Wars: Episode IX\xe2\x80\x99, Her Brother Confirms https://t.co/LOzqffPaTi https://t.co/J3tpDL93cN'"
2017-04-08 23:12:04,0.0,0,0,850848751212052480,shakeboxing,b'Sphero Star Wars BB-8 App Controlled Robot https://t.co/50Fo7ybM8f #electronics #science https://t.co/ZXkCAw0gi0'
2017-04-08 23:12:02,0.0,0,0,850848740860506112,gamebeatz,b'Sphero Star Wars BB-8 App Controlled Robot https://t.co/b0BvjieP4v #electronics #science https://t.co/Ovx8mTQCZE'
2017-04-08 23:11:50,0.0,1,0,850848690872786944,lgbtcassian,"b'@finncree ""star wars fans"" https://t.co/9XRGgsBMA4'"
2017-04-08 23:11:20,0.0,0,0,850848565207457793,nazrulklgassam,"b""#Indilens Carrie Fisher Is Definitely Appearing in 'Star Wars: Episode IX,' No CGI Necessary https://t.co/0TgQ394lUQ"""
2017-04-08 23:11:17,-0.025,1,0,850848550527348737,StarWarsStuffs,b'STAR WARS LUKE SKYWALKER X WING RED 5 STUDIO SCALE 20 inches long https://t.co/OWIbiSov1w #StarWars https://t.co/eVMDdhDcJ9'
2017-04-08 23:11:13,0.3,0,0,850848537168490496,McMetroboy,"b'The Late, Great Carrie Fisher May Appear in Star Wars: Episode 9 - Vanity Fair \xe2\x80\xa2 I now know both sad &amp; happy feels\xf0\x9f\xa4\x94 https://t.co/730EAfib82'"
2017-04-08 23:11:13,0.0,0,0,850848533901127681,mjs121272,b'Star Wars news: Episode 9 director reveals big difficulty with ENDING sequel trilogy https://t.co/Te18A2WhXw'
2017-04-08 23:11:12,0.0,0,1,850848529341874176,Asser_Mohamad,b'Rogue One: a star wars story (2016) https://t.co/RGXzLnoT7A'
2017-04-08 23:10:59,0.0,0,0,850848477340983296,perhapsonedaykc,b'Darth Vader | Star Wars https://t.co/NGT9aXqj3A'
